<<<<<<< HEAD
01:03:55.791 [background-preinit] INFO  o.h.validator.internal.util.Version - HV000001: Hibernate Validator 8.0.1.Final
01:03:55.835 [restartedMain] INFO  org.unicam.intermediate.Application - Starting Application using Java 22.0.2 with PID 35000 (C:\Users\nabil\Desktop\new-folder\UNICAM\Tesi\eabpmn-monorepo\camnuda-bpmn-engine\target\classes started by nabil in C:\Users\nabil\Desktop\new-folder\UNICAM\Tesi\eabpmn-monorepo\camnuda-bpmn-engine)
01:03:55.836 [restartedMain] INFO  org.unicam.intermediate.Application - No active profile set, falling back to 1 default profile: "default"
01:03:55.872 [restartedMain] INFO  o.s.b.d.restart.ChangeableUrls - The Class-Path manifest attribute in C:\Users\nabil\.m2\repository\com\sun\xml\bind\jaxb-impl\4.0.5\jaxb-impl-4.0.5.jar referenced one or more files that do not exist: file:/C:/Users/nabil/.m2/repository/com/sun/xml/bind/jaxb-impl/4.0.5/jaxb-core.jar,file:/C:/Users/nabil/.m2/repository/com/sun/xml/bind/jaxb-impl/4.0.5/angus-activation.jar
01:03:55.872 [restartedMain] INFO  o.s.b.d.restart.ChangeableUrls - The Class-Path manifest attribute in C:\Users\nabil\.m2\repository\com\sun\xml\bind\jaxb-core\4.0.5\jaxb-core-4.0.5.jar referenced one or more files that do not exist: file:/C:/Users/nabil/.m2/repository/com/sun/xml/bind/jaxb-core/4.0.5/jakarta.activation-api.jar,file:/C:/Users/nabil/.m2/repository/com/sun/xml/bind/jaxb-core/4.0.5/jakarta.xml.bind-api.jar
01:03:55.872 [restartedMain] INFO  o.s.b.d.restart.ChangeableUrls - The Class-Path manifest attribute in C:\Users\nabil\.m2\repository\org\glassfish\hk2\hk2\3.0.6\hk2-3.0.6.jar referenced one or more files that do not exist: file:/C:/Users/nabil/.m2/repository/org/glassfish/hk2/hk2/3.0.6/hk2-utils.jar,file:/C:/Users/nabil/.m2/repository/org/glassfish/hk2/hk2/3.0.6/jakarta.annotation-api.jar,file:/C:/Users/nabil/.m2/repository/org/glassfish/hk2/hk2/3.0.6/jakarta.inject-api.jar,file:/C:/Users/nabil/.m2/repository/org/glassfish/hk2/hk2/3.0.6/hk2-api.jar,file:/C:/Users/nabil/.m2/repository/org/glassfish/hk2/hk2/3.0.6/aopalliance-repackaged.jar,file:/C:/Users/nabil/.m2/repository/org/glassfish/hk2/hk2/3.0.6/hk2-core.jar,file:/C:/Users/nabil/.m2/repository/org/glassfish/hk2/hk2/3.0.6/hk2-locator.jar,file:/C:/Users/nabil/.m2/repository/org/glassfish/hk2/hk2/3.0.6/javassist.jar,file:/C:/Users/nabil/.m2/repository/org/glassfish/hk2/hk2/3.0.6/hk2-runlevel.jar,file:/C:/Users/nabil/.m2/repository/org/glassfish/hk2/hk2/3.0.6/class-model.jar,file:/C:/Users/nabil/.m2/repository/org/glassfish/hk2/hk2/3.0.6/asm.jar,file:/C:/Users/nabil/.m2/repository/org/glassfish/hk2/hk2/3.0.6/asm-analysis.jar,file:/C:/Users/nabil/.m2/repository/org/glassfish/hk2/hk2/3.0.6/asm-commons.jar,file:/C:/Users/nabil/.m2/repository/org/glassfish/hk2/hk2/3.0.6/asm-tree.jar,file:/C:/Users/nabil/.m2/repository/org/glassfish/hk2/hk2/3.0.6/asm-util.jar
01:03:55.872 [restartedMain] INFO  o.s.b.d.e.DevToolsPropertyDefaultsPostProcessor - Devtools property defaults active! Set 'spring.devtools.add-properties' to 'false' to disable
01:03:55.872 [restartedMain] INFO  o.s.b.d.e.DevToolsPropertyDefaultsPostProcessor - For additional web related logging consider setting the 'logging.level.web' property to 'DEBUG'
01:03:57.197 [restartedMain] INFO  o.s.b.w.e.tomcat.TomcatWebServer - Tomcat initialized with port 8082 (http)
01:03:57.201 [restartedMain] INFO  o.a.coyote.http11.Http11NioProtocol - Initializing ProtocolHandler ["http-nio-8082"]
01:03:57.212 [restartedMain] INFO  o.a.catalina.core.StandardService - Starting service [Tomcat]
01:03:57.213 [restartedMain] INFO  o.a.catalina.core.StandardEngine - Starting Servlet engine: [Apache Tomcat/10.1.20]
01:03:57.264 [restartedMain] INFO  o.a.c.c.C.[Tomcat].[localhost].[/] - Initializing Spring embedded WebApplicationContext
01:03:57.264 [restartedMain] INFO  o.s.b.w.s.c.ServletWebServerApplicationContext - Root WebApplicationContext: initialization completed in 1390 ms
01:03:57.287 [restartedMain] INFO  o.c.b.s.b.s.r.CamundaJerseyResourceConfig - Configuring camunda rest api.
01:03:57.303 [restartedMain] INFO  o.c.b.s.b.s.r.CamundaJerseyResourceConfig - Finished configuring camunda rest api.
01:03:57.468 [restartedMain] INFO  o.s.j.d.e.EmbeddedDatabaseFactory - Starting embedded database: url='jdbc:h2:mem:0141ae0a-af4f-42e3-b22b-0634a567ea7a;DB_CLOSE_DELAY=-1;DB_CLOSE_ON_EXIT=false', username='sa'
01:03:57.653 [restartedMain] INFO  o.s.b.a.h.H2ConsoleAutoConfiguration - H2 console available at '/h2-console'. Database available at 'jdbc:h2:mem:0141ae0a-af4f-42e3-b22b-0634a567ea7a'
01:03:57.803 [restartedMain] INFO  org.camunda.bpm.spring.boot - STARTER-SB040 Setting up jobExecutor with corePoolSize=3, maxPoolSize:10
01:03:57.861 [restartedMain] INFO  org.camunda.bpm.engine.cfg - ENGINE-12003 Plugin 'CompositeProcessEnginePlugin[genericPropertiesConfiguration, camundaConfig, camundaProcessEngineConfiguration, camundaDatasourceConfiguration, camundaJobConfiguration, camundaHistoryConfiguration, camundaMetricsConfiguration, camundaAuthorizationConfiguration, camundaDeploymentConfiguration, createAdminUserConfiguration, failedJobConfiguration, , eventPublisherPlugin, ApplicationContextClassloaderSwitchPlugin]' activated on process engine 'default'
01:03:58.513 [restartedMain] INFO  org.camunda.bpm.spring.boot - STARTER-SB021 Auto-Deploying resources: []
01:03:58.517 [restartedMain] INFO  o.u.i.config.CamundaConfig - [CamundaConfig] Registered parse listeners
01:03:58.517 [restartedMain] INFO  o.c.b.s.b.s.e.EventPublisherPlugin - EVENTING-001: Initialized Camunda Spring Boot Eventing Engine Plugin.
01:03:58.517 [restartedMain] INFO  o.c.b.s.b.s.e.EventPublisherPlugin - EVENTING-003: Task events will be published as Spring Events.
01:03:58.517 [restartedMain] INFO  o.c.b.s.b.s.e.EventPublisherPlugin - EVENTING-005: Execution events will be published as Spring Events.
01:03:58.517 [restartedMain] INFO  o.c.b.s.b.s.e.EventPublisherPlugin - EVENTING-009: Listeners will not be invoked if a skipCustomListeners API parameter is set to true by user.
01:03:58.520 [restartedMain] INFO  o.c.b.s.b.s.e.EventPublisherPlugin - EVENTING-007: History events will be published as Spring events.
01:04:00.207 [restartedMain] INFO  org.camunda.bpm.engine.persistence - ENGINE-03016 Performing database operation 'create' on component 'engine' with resource 'org/camunda/bpm/engine/db/create/activiti.h2.create.engine.sql'
01:04:00.227 [restartedMain] INFO  org.camunda.bpm.engine.persistence - ENGINE-03016 Performing database operation 'create' on component 'history' with resource 'org/camunda/bpm/engine/db/create/activiti.h2.create.history.sql'
01:04:00.235 [restartedMain] INFO  org.camunda.bpm.engine.persistence - ENGINE-03016 Performing database operation 'create' on component 'identity' with resource 'org/camunda/bpm/engine/db/create/activiti.h2.create.identity.sql'
01:04:00.243 [restartedMain] INFO  org.camunda.bpm.engine.persistence - ENGINE-03016 Performing database operation 'create' on component 'case.engine' with resource 'org/camunda/bpm/engine/db/create/activiti.h2.create.case.engine.sql'
01:04:00.245 [restartedMain] INFO  org.camunda.bpm.engine.persistence - ENGINE-03016 Performing database operation 'create' on component 'case.history' with resource 'org/camunda/bpm/engine/db/create/activiti.h2.create.case.history.sql'
01:04:00.248 [restartedMain] INFO  org.camunda.bpm.engine.persistence - ENGINE-03016 Performing database operation 'create' on component 'decision.engine' with resource 'org/camunda/bpm/engine/db/create/activiti.h2.create.decision.engine.sql'
01:04:00.250 [restartedMain] INFO  org.camunda.bpm.engine.persistence - ENGINE-03016 Performing database operation 'create' on component 'decision.history' with resource 'org/camunda/bpm/engine/db/create/activiti.h2.create.decision.history.sql'
01:04:00.284 [restartedMain] INFO  org.camunda.bpm.engine.persistence - ENGINE-03067 No history level property found in database
01:04:00.291 [restartedMain] INFO  org.camunda.bpm.engine.persistence - ENGINE-03065 Creating historyLevel property in database for level: HistoryLevelFull(name=full, id=3)
01:04:00.302 [restartedMain] INFO  org.camunda.bpm.engine - ENGINE-00001 Process Engine default created.
01:04:00.417 [restartedMain] WARN  o.u.i.s.e.EnvironmentDataService - [EnvironmentService] No environment.json found in any deployment, initialized with empty data
01:04:00.455 [restartedMain] INFO  o.u.i.service.TaskTypeRegistry - [TaskTypeRegistry] Initialized with 3 task types
01:04:00.526 [restartedMain] WARN  o.s.b.a.s.s.UserDetailsServiceAutoConfiguration - 

Using generated security password: 076e7222-03c2-489e-add3-70f943b63c1c

This generated password is for development use only. Your security configuration must be updated before running your application in production.

01:04:00.777 [restartedMain] INFO  o.s.b.a.e.web.EndpointLinksResolver - Exposing 1 endpoint(s) beneath base path '/actuator'
01:04:00.816 [restartedMain] INFO  o.s.s.web.DefaultSecurityFilterChain - Will secure any request with [org.springframework.security.web.session.DisableEncodeUrlFilter@31d2ea87, org.springframework.security.web.context.request.async.WebAsyncManagerIntegrationFilter@7aa21e74, org.springframework.security.web.context.SecurityContextHolderFilter@40de59c, org.springframework.security.web.header.HeaderWriterFilter@63939299, org.springframework.web.filter.CorsFilter@6a8557d2, org.springframework.security.web.authentication.logout.LogoutFilter@2916af39, org.springframework.security.web.savedrequest.RequestCacheAwareFilter@20789fc8, org.springframework.security.web.servletapi.SecurityContextHolderAwareRequestFilter@4db43f3f, org.springframework.security.web.authentication.AnonymousAuthenticationFilter@35aac3f7, org.springframework.security.web.access.ExceptionTranslationFilter@5434656a, org.springframework.security.web.access.intercept.AuthorizationFilter@71f74980]
01:04:00.973 [restartedMain] INFO  o.c.b.s.b.s.w.f.LazyInitRegistration - lazy initialized org.camunda.bpm.spring.boot.starter.webapp.filter.LazySecurityFilter@5b93644b
01:04:00.974 [restartedMain] INFO  o.c.b.s.b.s.w.f.LazyInitRegistration - lazy initialized org.camunda.bpm.spring.boot.starter.webapp.filter.LazyProcessEnginesFilter@37d008f9
01:04:01.055 [restartedMain] INFO  o.s.b.d.a.OptionalLiveReloadServer - LiveReload server is running on port 35729
01:04:01.095 [restartedMain] INFO  o.a.coyote.http11.Http11NioProtocol - Starting ProtocolHandler ["http-nio-8082"]
01:04:01.116 [restartedMain] INFO  o.s.b.w.e.tomcat.TomcatWebServer - Tomcat started on port 8082 (http) with context path ''
01:04:01.124 [restartedMain] INFO  org.unicam.intermediate.Application - Started Application in 5.581 seconds (process running for 6.146)
01:04:01.204 [restartedMain] INFO  o.u.i.config.EnvironmentInitializer - [EnvironmentInitializer] Initializing Environment on startup
01:04:01.207 [restartedMain] WARN  o.u.i.s.e.EnvironmentDataService - [EnvironmentService] No environment.json found in any deployment, initialized with empty data
01:04:01.207 [restartedMain] WARN  o.u.i.config.EnvironmentInitializer - [EnvironmentInitializer] Environment is empty - deploy a process with environment.json
01:04:01.208 [restartedMain] INFO  o.u.i.config.UserInitializer - [UserInitializer] Starting user and group initialization...
01:04:01.212 [restartedMain] INFO  o.u.i.config.UserInitializer - [UserInitializer] Created NEW group: students
01:04:01.215 [restartedMain] INFO  o.u.i.config.UserInitializer - [UserInitializer] Created NEW group: tutors
01:04:01.217 [restartedMain] INFO  o.u.i.config.UserInitializer - [UserInitializer] Created NEW user: acataluffi (Andrea Cataluffi)
01:04:01.224 [restartedMain] INFO  o.u.i.config.UserInitializer - [UserInitializer] Added acataluffi to students group
01:04:01.226 [restartedMain] INFO  o.u.i.config.UserInitializer - [UserInitializer] Created NEW user: lmozzoni (Luca Mozzoni)
01:04:01.232 [restartedMain] INFO  o.u.i.config.UserInitializer - [UserInitializer] Added lmozzoni to tutors group
01:04:01.234 [restartedMain] INFO  o.u.i.config.UserInitializer - [UserInitializer] Created NEW group: admins
01:04:01.240 [restartedMain] INFO  o.u.i.config.UserInitializer - [UserInitializer] Added user 'a' to admins group
01:04:01.244 [restartedMain] INFO  o.u.i.config.UserInitializer - [UserInitializer] ========================================
01:04:01.244 [restartedMain] INFO  o.u.i.config.UserInitializer - [UserInitializer] Initialization completed successfully!
01:04:01.244 [restartedMain] INFO  o.u.i.config.UserInitializer - [UserInitializer] ========================================
01:04:01.245 [restartedMain] INFO  o.u.i.config.UserInitializer - [UserInitializer] Current users count: 3
01:04:01.249 [restartedMain] INFO  o.u.i.config.UserInitializer - [UserInitializer] Current groups count: 4
01:04:01.249 [restartedMain] INFO  o.u.i.config.UserInitializer - [UserInitializer] 
01:04:01.249 [restartedMain] INFO  o.u.i.config.UserInitializer - [UserInitializer] Camunda Cockpit: http://localhost:8082/camunda
01:04:01.249 [restartedMain] INFO  o.u.i.config.UserInitializer - [UserInitializer] 
01:04:01.249 [restartedMain] INFO  o.u.i.config.UserInitializer - [UserInitializer] Login credentials:
01:04:01.249 [restartedMain] INFO  o.u.i.config.UserInitializer - [UserInitializer]   Admin    : a / a
01:04:01.249 [restartedMain] INFO  o.u.i.config.UserInitializer - [UserInitializer]   Student  : acataluffi / a
01:04:01.249 [restartedMain] INFO  o.u.i.config.UserInitializer - [UserInitializer]   Tutor    : lmozzoni / a
01:04:01.249 [restartedMain] INFO  o.u.i.config.UserInitializer - [UserInitializer] ========================================
01:04:01.249 [restartedMain] INFO  o.u.i.config.UserInitializer - [UserInitializer] All users in system:
01:04:01.252 [restartedMain] INFO  o.u.i.config.UserInitializer - [UserInitializer]   - a (Andrea A) - Groups: [admins, camunda-admin]
01:04:01.257 [restartedMain] INFO  o.u.i.config.UserInitializer - [UserInitializer]   - acataluffi (Andrea Cataluffi) - Groups: [admins, students]
01:04:01.259 [restartedMain] INFO  o.u.i.config.UserInitializer - [UserInitializer]   - lmozzoni (Luca Mozzoni) - Groups: [admins, tutors]
01:04:01.261 [restartedMain] INFO  o.u.i.config.MessageFlowRegistrar - [MessageFlowRegistrar] Application ready - registering message flows for all deployed processes
01:04:01.272 [restartedMain] INFO  org.camunda.bpm.engine.jobexecutor - ENGINE-14014 Starting up the JobExecutor[org.camunda.bpm.engine.spring.components.jobexecutor.SpringJobExecutor].
01:04:01.273 [JobExecutor[org.camunda.bpm.engine.spring.components.jobexecutor.SpringJobExecutor]] INFO  org.camunda.bpm.engine.jobexecutor - ENGINE-14018 JobExecutor[org.camunda.bpm.engine.spring.components.jobexecutor.SpringJobExecutor] starting to acquire jobs
01:04:34.124 [http-nio-8082-exec-1] INFO  o.a.c.c.C.[Tomcat].[localhost].[/] - Initializing Spring DispatcherServlet 'dispatcherServlet'
01:04:34.125 [http-nio-8082-exec-1] INFO  o.s.web.servlet.DispatcherServlet - Initializing Servlet 'dispatcherServlet'
01:04:34.126 [http-nio-8082-exec-1] INFO  o.s.web.servlet.DispatcherServlet - Completed initialization in 1 ms
01:04:35.192 [http-nio-8082-exec-8] ERROR o.u.i.e.GlobalExceptionHandler - [Unexpected Error] No static resource camunda-welcome.
org.springframework.web.servlet.resource.NoResourceFoundException: No static resource camunda-welcome.
	at org.springframework.web.servlet.resource.ResourceHttpRequestHandler.handleRequest(ResourceHttpRequestHandler.java:585)
	at org.springframework.web.servlet.mvc.HttpRequestHandlerAdapter.handle(HttpRequestHandlerAdapter.java:52)
	at org.springframework.web.servlet.DispatcherServlet.doDispatch(DispatcherServlet.java:1089)
	at org.springframework.web.servlet.DispatcherServlet.doService(DispatcherServlet.java:979)
	at org.springframework.web.servlet.FrameworkServlet.processRequest(FrameworkServlet.java:1014)
	at org.springframework.web.servlet.FrameworkServlet.doGet(FrameworkServlet.java:903)
	at jakarta.servlet.http.HttpServlet.service(HttpServlet.java:564)
	at org.springframework.web.servlet.FrameworkServlet.service(FrameworkServlet.java:885)
	at jakarta.servlet.http.HttpServlet.service(HttpServlet.java:658)
	at org.apache.catalina.core.ApplicationFilterChain.internalDoFilter(ApplicationFilterChain.java:206)
	at org.apache.catalina.core.ApplicationFilterChain.doFilter(ApplicationFilterChain.java:150)
	at org.apache.tomcat.websocket.server.WsFilter.doFilter(WsFilter.java:51)
	at org.apache.catalina.core.ApplicationFilterChain.internalDoFilter(ApplicationFilterChain.java:175)
	at org.apache.catalina.core.ApplicationFilterChain.doFilter(ApplicationFilterChain.java:150)
	at org.springframework.web.filter.RequestContextFilter.doFilterInternal(RequestContextFilter.java:100)
	at org.springframework.web.filter.OncePerRequestFilter.doFilter(OncePerRequestFilter.java:116)
	at org.apache.catalina.core.ApplicationFilterChain.internalDoFilter(ApplicationFilterChain.java:175)
	at org.apache.catalina.core.ApplicationFilterChain.doFilter(ApplicationFilterChain.java:150)
	at org.springframework.web.filter.CompositeFilter$VirtualFilterChain.doFilter(CompositeFilter.java:108)
	at org.springframework.security.web.FilterChainProxy.lambda$doFilterInternal$3(FilterChainProxy.java:231)
	at org.springframework.security.web.ObservationFilterChainDecorator$FilterObservation$SimpleFilterObservation.lambda$wrap$1(ObservationFilterChainDecorator.java:479)
	at org.springframework.security.web.ObservationFilterChainDecorator$AroundFilterObservation$SimpleAroundFilterObservation.lambda$wrap$1(ObservationFilterChainDecorator.java:340)
	at org.springframework.security.web.ObservationFilterChainDecorator.lambda$wrapSecured$0(ObservationFilterChainDecorator.java:82)
	at org.springframework.security.web.ObservationFilterChainDecorator$VirtualFilterChain.doFilter(ObservationFilterChainDecorator.java:128)
	at org.springframework.security.web.access.intercept.AuthorizationFilter.doFilter(AuthorizationFilter.java:100)
	at org.springframework.security.web.ObservationFilterChainDecorator$ObservationFilter.wrapFilter(ObservationFilterChainDecorator.java:240)
	at org.springframework.security.web.ObservationFilterChainDecorator$ObservationFilter.doFilter(ObservationFilterChainDecorator.java:227)
	at org.springframework.security.web.ObservationFilterChainDecorator$VirtualFilterChain.doFilter(ObservationFilterChainDecorator.java:137)
	at org.springframework.security.web.access.ExceptionTranslationFilter.doFilter(ExceptionTranslationFilter.java:126)
	at org.springframework.security.web.access.ExceptionTranslationFilter.doFilter(ExceptionTranslationFilter.java:120)
	at org.springframework.security.web.ObservationFilterChainDecorator$ObservationFilter.wrapFilter(ObservationFilterChainDecorator.java:240)
	at org.springframework.security.web.ObservationFilterChainDecorator$ObservationFilter.doFilter(ObservationFilterChainDecorator.java:227)
	at org.springframework.security.web.ObservationFilterChainDecorator$VirtualFilterChain.doFilter(ObservationFilterChainDecorator.java:137)
	at org.springframework.security.web.authentication.AnonymousAuthenticationFilter.doFilter(AnonymousAuthenticationFilter.java:100)
	at org.springframework.security.web.ObservationFilterChainDecorator$ObservationFilter.wrapFilter(ObservationFilterChainDecorator.java:240)
	at org.springframework.security.web.ObservationFilterChainDecorator$ObservationFilter.doFilter(ObservationFilterChainDecorator.java:227)
	at org.springframework.security.web.ObservationFilterChainDecorator$VirtualFilterChain.doFilter(ObservationFilterChainDecorator.java:137)
	at org.springframework.security.web.servletapi.SecurityContextHolderAwareRequestFilter.doFilter(SecurityContextHolderAwareRequestFilter.java:179)
	at org.springframework.security.web.ObservationFilterChainDecorator$ObservationFilter.wrapFilter(ObservationFilterChainDecorator.java:240)
	at org.springframework.security.web.ObservationFilterChainDecorator$ObservationFilter.doFilter(ObservationFilterChainDecorator.java:227)
	at org.springframework.security.web.ObservationFilterChainDecorator$VirtualFilterChain.doFilter(ObservationFilterChainDecorator.java:137)
	at org.springframework.security.web.savedrequest.RequestCacheAwareFilter.doFilter(RequestCacheAwareFilter.java:63)
	at org.springframework.security.web.ObservationFilterChainDecorator$ObservationFilter.wrapFilter(ObservationFilterChainDecorator.java:240)
	at org.springframework.security.web.ObservationFilterChainDecorator$ObservationFilter.doFilter(ObservationFilterChainDecorator.java:227)
	at org.springframework.security.web.ObservationFilterChainDecorator$VirtualFilterChain.doFilter(ObservationFilterChainDecorator.java:137)
	at org.springframework.security.web.authentication.logout.LogoutFilter.doFilter(LogoutFilter.java:107)
	at org.springframework.security.web.authentication.logout.LogoutFilter.doFilter(LogoutFilter.java:93)
	at org.springframework.security.web.ObservationFilterChainDecorator$ObservationFilter.wrapFilter(ObservationFilterChainDecorator.java:240)
	at org.springframework.security.web.ObservationFilterChainDecorator$ObservationFilter.doFilter(ObservationFilterChainDecorator.java:227)
	at org.springframework.security.web.ObservationFilterChainDecorator$VirtualFilterChain.doFilter(ObservationFilterChainDecorator.java:137)
	at org.springframework.web.filter.CorsFilter.doFilterInternal(CorsFilter.java:91)
	at org.springframework.web.filter.OncePerRequestFilter.doFilter(OncePerRequestFilter.java:116)
	at org.springframework.security.web.ObservationFilterChainDecorator$ObservationFilter.wrapFilter(ObservationFilterChainDecorator.java:240)
	at org.springframework.security.web.ObservationFilterChainDecorator$ObservationFilter.doFilter(ObservationFilterChainDecorator.java:227)
	at org.springframework.security.web.ObservationFilterChainDecorator$VirtualFilterChain.doFilter(ObservationFilterChainDecorator.java:137)
	at org.springframework.security.web.header.HeaderWriterFilter.doHeadersAfter(HeaderWriterFilter.java:90)
	at org.springframework.security.web.header.HeaderWriterFilter.doFilterInternal(HeaderWriterFilter.java:75)
	at org.springframework.web.filter.OncePerRequestFilter.doFilter(OncePerRequestFilter.java:116)
	at org.springframework.security.web.ObservationFilterChainDecorator$ObservationFilter.wrapFilter(ObservationFilterChainDecorator.java:240)
	at org.springframework.security.web.ObservationFilterChainDecorator$ObservationFilter.doFilter(ObservationFilterChainDecorator.java:227)
	at org.springframework.security.web.ObservationFilterChainDecorator$VirtualFilterChain.doFilter(ObservationFilterChainDecorator.java:137)
	at org.springframework.security.web.context.SecurityContextHolderFilter.doFilter(SecurityContextHolderFilter.java:82)
	at org.springframework.security.web.context.SecurityContextHolderFilter.doFilter(SecurityContextHolderFilter.java:69)
	at org.springframework.security.web.ObservationFilterChainDecorator$ObservationFilter.wrapFilter(ObservationFilterChainDecorator.java:240)
	at org.springframework.security.web.ObservationFilterChainDecorator$ObservationFilter.doFilter(ObservationFilterChainDecorator.java:227)
	at org.springframework.security.web.ObservationFilterChainDecorator$VirtualFilterChain.doFilter(ObservationFilterChainDecorator.java:137)
	at org.springframework.security.web.context.request.async.WebAsyncManagerIntegrationFilter.doFilterInternal(WebAsyncManagerIntegrationFilter.java:62)
	at org.springframework.web.filter.OncePerRequestFilter.doFilter(OncePerRequestFilter.java:116)
	at org.springframework.security.web.ObservationFilterChainDecorator$ObservationFilter.wrapFilter(ObservationFilterChainDecorator.java:240)
	at org.springframework.security.web.ObservationFilterChainDecorator$ObservationFilter.doFilter(ObservationFilterChainDecorator.java:227)
	at org.springframework.security.web.ObservationFilterChainDecorator$VirtualFilterChain.doFilter(ObservationFilterChainDecorator.java:137)
	at org.springframework.security.web.session.DisableEncodeUrlFilter.doFilterInternal(DisableEncodeUrlFilter.java:42)
	at org.springframework.web.filter.OncePerRequestFilter.doFilter(OncePerRequestFilter.java:116)
	at org.springframework.security.web.ObservationFilterChainDecorator$ObservationFilter.wrapFilter(ObservationFilterChainDecorator.java:240)
	at org.springframework.security.web.ObservationFilterChainDecorator$AroundFilterObservation$SimpleAroundFilterObservation.lambda$wrap$0(ObservationFilterChainDecorator.java:323)
	at org.springframework.security.web.ObservationFilterChainDecorator$ObservationFilter.doFilter(ObservationFilterChainDecorator.java:224)
	at org.springframework.security.web.ObservationFilterChainDecorator$VirtualFilterChain.doFilter(ObservationFilterChainDecorator.java:137)
	at org.springframework.security.web.FilterChainProxy.doFilterInternal(FilterChainProxy.java:233)
	at org.springframework.security.web.FilterChainProxy.doFilter(FilterChainProxy.java:191)
	at org.springframework.web.filter.CompositeFilter$VirtualFilterChain.doFilter(CompositeFilter.java:113)
	at org.springframework.web.servlet.handler.HandlerMappingIntrospector.lambda$createCacheFilter$3(HandlerMappingIntrospector.java:195)
	at org.springframework.web.filter.CompositeFilter$VirtualFilterChain.doFilter(CompositeFilter.java:113)
	at org.springframework.web.filter.CompositeFilter.doFilter(CompositeFilter.java:74)
	at org.springframework.security.config.annotation.web.configuration.WebMvcSecurityConfiguration$CompositeFilterChainProxy.doFilter(WebMvcSecurityConfiguration.java:230)
	at org.springframework.web.filter.DelegatingFilterProxy.invokeDelegate(DelegatingFilterProxy.java:352)
	at org.springframework.web.filter.DelegatingFilterProxy.doFilter(DelegatingFilterProxy.java:268)
	at org.apache.catalina.core.ApplicationFilterChain.internalDoFilter(ApplicationFilterChain.java:175)
	at org.apache.catalina.core.ApplicationFilterChain.doFilter(ApplicationFilterChain.java:150)
	at org.springframework.web.filter.FormContentFilter.doFilterInternal(FormContentFilter.java:93)
	at org.springframework.web.filter.OncePerRequestFilter.doFilter(OncePerRequestFilter.java:116)
	at org.apache.catalina.core.ApplicationFilterChain.internalDoFilter(ApplicationFilterChain.java:175)
	at org.apache.catalina.core.ApplicationFilterChain.doFilter(ApplicationFilterChain.java:150)
	at org.springframework.web.filter.ServerHttpObservationFilter.doFilterInternal(ServerHttpObservationFilter.java:109)
	at org.springframework.web.filter.OncePerRequestFilter.doFilter(OncePerRequestFilter.java:116)
	at org.apache.catalina.core.ApplicationFilterChain.internalDoFilter(ApplicationFilterChain.java:175)
	at org.apache.catalina.core.ApplicationFilterChain.doFilter(ApplicationFilterChain.java:150)
	at org.springframework.web.filter.CharacterEncodingFilter.doFilterInternal(CharacterEncodingFilter.java:201)
	at org.springframework.web.filter.OncePerRequestFilter.doFilter(OncePerRequestFilter.java:116)
	at org.apache.catalina.core.ApplicationFilterChain.internalDoFilter(ApplicationFilterChain.java:175)
	at org.apache.catalina.core.ApplicationFilterChain.doFilter(ApplicationFilterChain.java:150)
	at org.apache.catalina.core.StandardWrapperValve.invoke(StandardWrapperValve.java:167)
	at org.apache.catalina.core.StandardContextValve.invoke(StandardContextValve.java:90)
	at org.apache.catalina.authenticator.AuthenticatorBase.invoke(AuthenticatorBase.java:482)
	at org.apache.catalina.core.StandardHostValve.invoke(StandardHostValve.java:115)
	at org.apache.catalina.valves.ErrorReportValve.invoke(ErrorReportValve.java:93)
	at org.apache.catalina.core.StandardEngineValve.invoke(StandardEngineValve.java:74)
	at org.apache.catalina.connector.CoyoteAdapter.service(CoyoteAdapter.java:344)
	at org.apache.coyote.http11.Http11Processor.service(Http11Processor.java:391)
	at org.apache.coyote.AbstractProcessorLight.process(AbstractProcessorLight.java:63)
	at org.apache.coyote.AbstractProtocol$ConnectionHandler.process(AbstractProtocol.java:896)
	at org.apache.tomcat.util.net.NioEndpoint$SocketProcessor.doRun(NioEndpoint.java:1736)
	at org.apache.tomcat.util.net.SocketProcessorBase.run(SocketProcessorBase.java:52)
	at org.apache.tomcat.util.threads.ThreadPoolExecutor.runWorker(ThreadPoolExecutor.java:1191)
	at org.apache.tomcat.util.threads.ThreadPoolExecutor$Worker.run(ThreadPoolExecutor.java:659)
	at org.apache.tomcat.util.threads.TaskThread$WrappingRunnable.run(TaskThread.java:63)
	at java.base/java.lang.Thread.run(Thread.java:1570)
01:04:35.199 [http-nio-8082-exec-8] WARN  o.s.w.s.m.m.a.ExceptionHandlerExceptionResolver - Resolved [org.springframework.web.servlet.resource.NoResourceFoundException: No static resource camunda-welcome.]
01:07:24.328 [http-nio-8082-exec-3] ERROR o.u.i.e.GlobalExceptionHandler - [Unexpected Error] No static resource camunda-welcome.
org.springframework.web.servlet.resource.NoResourceFoundException: No static resource camunda-welcome.
	at org.springframework.web.servlet.resource.ResourceHttpRequestHandler.handleRequest(ResourceHttpRequestHandler.java:585)
	at org.springframework.web.servlet.mvc.HttpRequestHandlerAdapter.handle(HttpRequestHandlerAdapter.java:52)
	at org.springframework.web.servlet.DispatcherServlet.doDispatch(DispatcherServlet.java:1089)
	at org.springframework.web.servlet.DispatcherServlet.doService(DispatcherServlet.java:979)
	at org.springframework.web.servlet.FrameworkServlet.processRequest(FrameworkServlet.java:1014)
	at org.springframework.web.servlet.FrameworkServlet.doGet(FrameworkServlet.java:903)
	at jakarta.servlet.http.HttpServlet.service(HttpServlet.java:564)
	at org.springframework.web.servlet.FrameworkServlet.service(FrameworkServlet.java:885)
	at jakarta.servlet.http.HttpServlet.service(HttpServlet.java:658)
	at org.apache.catalina.core.ApplicationFilterChain.internalDoFilter(ApplicationFilterChain.java:206)
	at org.apache.catalina.core.ApplicationFilterChain.doFilter(ApplicationFilterChain.java:150)
	at org.apache.tomcat.websocket.server.WsFilter.doFilter(WsFilter.java:51)
	at org.apache.catalina.core.ApplicationFilterChain.internalDoFilter(ApplicationFilterChain.java:175)
	at org.apache.catalina.core.ApplicationFilterChain.doFilter(ApplicationFilterChain.java:150)
	at org.springframework.web.filter.RequestContextFilter.doFilterInternal(RequestContextFilter.java:100)
	at org.springframework.web.filter.OncePerRequestFilter.doFilter(OncePerRequestFilter.java:116)
	at org.apache.catalina.core.ApplicationFilterChain.internalDoFilter(ApplicationFilterChain.java:175)
	at org.apache.catalina.core.ApplicationFilterChain.doFilter(ApplicationFilterChain.java:150)
	at org.springframework.web.filter.CompositeFilter$VirtualFilterChain.doFilter(CompositeFilter.java:108)
	at org.springframework.security.web.FilterChainProxy.lambda$doFilterInternal$3(FilterChainProxy.java:231)
	at org.springframework.security.web.ObservationFilterChainDecorator$FilterObservation$SimpleFilterObservation.lambda$wrap$1(ObservationFilterChainDecorator.java:479)
	at org.springframework.security.web.ObservationFilterChainDecorator$AroundFilterObservation$SimpleAroundFilterObservation.lambda$wrap$1(ObservationFilterChainDecorator.java:340)
	at org.springframework.security.web.ObservationFilterChainDecorator.lambda$wrapSecured$0(ObservationFilterChainDecorator.java:82)
	at org.springframework.security.web.ObservationFilterChainDecorator$VirtualFilterChain.doFilter(ObservationFilterChainDecorator.java:128)
	at org.springframework.security.web.access.intercept.AuthorizationFilter.doFilter(AuthorizationFilter.java:100)
	at org.springframework.security.web.ObservationFilterChainDecorator$ObservationFilter.wrapFilter(ObservationFilterChainDecorator.java:240)
	at org.springframework.security.web.ObservationFilterChainDecorator$ObservationFilter.doFilter(ObservationFilterChainDecorator.java:227)
	at org.springframework.security.web.ObservationFilterChainDecorator$VirtualFilterChain.doFilter(ObservationFilterChainDecorator.java:137)
	at org.springframework.security.web.access.ExceptionTranslationFilter.doFilter(ExceptionTranslationFilter.java:126)
	at org.springframework.security.web.access.ExceptionTranslationFilter.doFilter(ExceptionTranslationFilter.java:120)
	at org.springframework.security.web.ObservationFilterChainDecorator$ObservationFilter.wrapFilter(ObservationFilterChainDecorator.java:240)
	at org.springframework.security.web.ObservationFilterChainDecorator$ObservationFilter.doFilter(ObservationFilterChainDecorator.java:227)
	at org.springframework.security.web.ObservationFilterChainDecorator$VirtualFilterChain.doFilter(ObservationFilterChainDecorator.java:137)
	at org.springframework.security.web.authentication.AnonymousAuthenticationFilter.doFilter(AnonymousAuthenticationFilter.java:100)
	at org.springframework.security.web.ObservationFilterChainDecorator$ObservationFilter.wrapFilter(ObservationFilterChainDecorator.java:240)
	at org.springframework.security.web.ObservationFilterChainDecorator$ObservationFilter.doFilter(ObservationFilterChainDecorator.java:227)
	at org.springframework.security.web.ObservationFilterChainDecorator$VirtualFilterChain.doFilter(ObservationFilterChainDecorator.java:137)
	at org.springframework.security.web.servletapi.SecurityContextHolderAwareRequestFilter.doFilter(SecurityContextHolderAwareRequestFilter.java:179)
	at org.springframework.security.web.ObservationFilterChainDecorator$ObservationFilter.wrapFilter(ObservationFilterChainDecorator.java:240)
	at org.springframework.security.web.ObservationFilterChainDecorator$ObservationFilter.doFilter(ObservationFilterChainDecorator.java:227)
	at org.springframework.security.web.ObservationFilterChainDecorator$VirtualFilterChain.doFilter(ObservationFilterChainDecorator.java:137)
	at org.springframework.security.web.savedrequest.RequestCacheAwareFilter.doFilter(RequestCacheAwareFilter.java:63)
	at org.springframework.security.web.ObservationFilterChainDecorator$ObservationFilter.wrapFilter(ObservationFilterChainDecorator.java:240)
	at org.springframework.security.web.ObservationFilterChainDecorator$ObservationFilter.doFilter(ObservationFilterChainDecorator.java:227)
	at org.springframework.security.web.ObservationFilterChainDecorator$VirtualFilterChain.doFilter(ObservationFilterChainDecorator.java:137)
	at org.springframework.security.web.authentication.logout.LogoutFilter.doFilter(LogoutFilter.java:107)
	at org.springframework.security.web.authentication.logout.LogoutFilter.doFilter(LogoutFilter.java:93)
	at org.springframework.security.web.ObservationFilterChainDecorator$ObservationFilter.wrapFilter(ObservationFilterChainDecorator.java:240)
	at org.springframework.security.web.ObservationFilterChainDecorator$ObservationFilter.doFilter(ObservationFilterChainDecorator.java:227)
	at org.springframework.security.web.ObservationFilterChainDecorator$VirtualFilterChain.doFilter(ObservationFilterChainDecorator.java:137)
	at org.springframework.web.filter.CorsFilter.doFilterInternal(CorsFilter.java:91)
	at org.springframework.web.filter.OncePerRequestFilter.doFilter(OncePerRequestFilter.java:116)
	at org.springframework.security.web.ObservationFilterChainDecorator$ObservationFilter.wrapFilter(ObservationFilterChainDecorator.java:240)
	at org.springframework.security.web.ObservationFilterChainDecorator$ObservationFilter.doFilter(ObservationFilterChainDecorator.java:227)
	at org.springframework.security.web.ObservationFilterChainDecorator$VirtualFilterChain.doFilter(ObservationFilterChainDecorator.java:137)
	at org.springframework.security.web.header.HeaderWriterFilter.doHeadersAfter(HeaderWriterFilter.java:90)
	at org.springframework.security.web.header.HeaderWriterFilter.doFilterInternal(HeaderWriterFilter.java:75)
	at org.springframework.web.filter.OncePerRequestFilter.doFilter(OncePerRequestFilter.java:116)
	at org.springframework.security.web.ObservationFilterChainDecorator$ObservationFilter.wrapFilter(ObservationFilterChainDecorator.java:240)
	at org.springframework.security.web.ObservationFilterChainDecorator$ObservationFilter.doFilter(ObservationFilterChainDecorator.java:227)
	at org.springframework.security.web.ObservationFilterChainDecorator$VirtualFilterChain.doFilter(ObservationFilterChainDecorator.java:137)
	at org.springframework.security.web.context.SecurityContextHolderFilter.doFilter(SecurityContextHolderFilter.java:82)
	at org.springframework.security.web.context.SecurityContextHolderFilter.doFilter(SecurityContextHolderFilter.java:69)
	at org.springframework.security.web.ObservationFilterChainDecorator$ObservationFilter.wrapFilter(ObservationFilterChainDecorator.java:240)
	at org.springframework.security.web.ObservationFilterChainDecorator$ObservationFilter.doFilter(ObservationFilterChainDecorator.java:227)
	at org.springframework.security.web.ObservationFilterChainDecorator$VirtualFilterChain.doFilter(ObservationFilterChainDecorator.java:137)
	at org.springframework.security.web.context.request.async.WebAsyncManagerIntegrationFilter.doFilterInternal(WebAsyncManagerIntegrationFilter.java:62)
	at org.springframework.web.filter.OncePerRequestFilter.doFilter(OncePerRequestFilter.java:116)
	at org.springframework.security.web.ObservationFilterChainDecorator$ObservationFilter.wrapFilter(ObservationFilterChainDecorator.java:240)
	at org.springframework.security.web.ObservationFilterChainDecorator$ObservationFilter.doFilter(ObservationFilterChainDecorator.java:227)
	at org.springframework.security.web.ObservationFilterChainDecorator$VirtualFilterChain.doFilter(ObservationFilterChainDecorator.java:137)
	at org.springframework.security.web.session.DisableEncodeUrlFilter.doFilterInternal(DisableEncodeUrlFilter.java:42)
	at org.springframework.web.filter.OncePerRequestFilter.doFilter(OncePerRequestFilter.java:116)
	at org.springframework.security.web.ObservationFilterChainDecorator$ObservationFilter.wrapFilter(ObservationFilterChainDecorator.java:240)
	at org.springframework.security.web.ObservationFilterChainDecorator$AroundFilterObservation$SimpleAroundFilterObservation.lambda$wrap$0(ObservationFilterChainDecorator.java:323)
	at org.springframework.security.web.ObservationFilterChainDecorator$ObservationFilter.doFilter(ObservationFilterChainDecorator.java:224)
	at org.springframework.security.web.ObservationFilterChainDecorator$VirtualFilterChain.doFilter(ObservationFilterChainDecorator.java:137)
	at org.springframework.security.web.FilterChainProxy.doFilterInternal(FilterChainProxy.java:233)
	at org.springframework.security.web.FilterChainProxy.doFilter(FilterChainProxy.java:191)
	at org.springframework.web.filter.CompositeFilter$VirtualFilterChain.doFilter(CompositeFilter.java:113)
	at org.springframework.web.servlet.handler.HandlerMappingIntrospector.lambda$createCacheFilter$3(HandlerMappingIntrospector.java:195)
	at org.springframework.web.filter.CompositeFilter$VirtualFilterChain.doFilter(CompositeFilter.java:113)
	at org.springframework.web.filter.CompositeFilter.doFilter(CompositeFilter.java:74)
	at org.springframework.security.config.annotation.web.configuration.WebMvcSecurityConfiguration$CompositeFilterChainProxy.doFilter(WebMvcSecurityConfiguration.java:230)
	at org.springframework.web.filter.DelegatingFilterProxy.invokeDelegate(DelegatingFilterProxy.java:352)
	at org.springframework.web.filter.DelegatingFilterProxy.doFilter(DelegatingFilterProxy.java:268)
	at org.apache.catalina.core.ApplicationFilterChain.internalDoFilter(ApplicationFilterChain.java:175)
	at org.apache.catalina.core.ApplicationFilterChain.doFilter(ApplicationFilterChain.java:150)
	at org.springframework.web.filter.FormContentFilter.doFilterInternal(FormContentFilter.java:93)
	at org.springframework.web.filter.OncePerRequestFilter.doFilter(OncePerRequestFilter.java:116)
	at org.apache.catalina.core.ApplicationFilterChain.internalDoFilter(ApplicationFilterChain.java:175)
	at org.apache.catalina.core.ApplicationFilterChain.doFilter(ApplicationFilterChain.java:150)
	at org.springframework.web.filter.ServerHttpObservationFilter.doFilterInternal(ServerHttpObservationFilter.java:109)
	at org.springframework.web.filter.OncePerRequestFilter.doFilter(OncePerRequestFilter.java:116)
	at org.apache.catalina.core.ApplicationFilterChain.internalDoFilter(ApplicationFilterChain.java:175)
	at org.apache.catalina.core.ApplicationFilterChain.doFilter(ApplicationFilterChain.java:150)
	at org.springframework.web.filter.CharacterEncodingFilter.doFilterInternal(CharacterEncodingFilter.java:201)
	at org.springframework.web.filter.OncePerRequestFilter.doFilter(OncePerRequestFilter.java:116)
	at org.apache.catalina.core.ApplicationFilterChain.internalDoFilter(ApplicationFilterChain.java:175)
	at org.apache.catalina.core.ApplicationFilterChain.doFilter(ApplicationFilterChain.java:150)
	at org.apache.catalina.core.StandardWrapperValve.invoke(StandardWrapperValve.java:167)
	at org.apache.catalina.core.StandardContextValve.invoke(StandardContextValve.java:90)
	at org.apache.catalina.authenticator.AuthenticatorBase.invoke(AuthenticatorBase.java:482)
	at org.apache.catalina.core.StandardHostValve.invoke(StandardHostValve.java:115)
	at org.apache.catalina.valves.ErrorReportValve.invoke(ErrorReportValve.java:93)
	at org.apache.catalina.core.StandardEngineValve.invoke(StandardEngineValve.java:74)
	at org.apache.catalina.connector.CoyoteAdapter.service(CoyoteAdapter.java:344)
	at org.apache.coyote.http11.Http11Processor.service(Http11Processor.java:391)
	at org.apache.coyote.AbstractProcessorLight.process(AbstractProcessorLight.java:63)
	at org.apache.coyote.AbstractProtocol$ConnectionHandler.process(AbstractProtocol.java:896)
	at org.apache.tomcat.util.net.NioEndpoint$SocketProcessor.doRun(NioEndpoint.java:1736)
	at org.apache.tomcat.util.net.SocketProcessorBase.run(SocketProcessorBase.java:52)
	at org.apache.tomcat.util.threads.ThreadPoolExecutor.runWorker(ThreadPoolExecutor.java:1191)
	at org.apache.tomcat.util.threads.ThreadPoolExecutor$Worker.run(ThreadPoolExecutor.java:659)
	at org.apache.tomcat.util.threads.TaskThread$WrappingRunnable.run(TaskThread.java:63)
	at java.base/java.lang.Thread.run(Thread.java:1570)
01:07:24.332 [http-nio-8082-exec-3] WARN  o.s.w.s.m.m.a.ExceptionHandlerExceptionResolver - Resolved [org.springframework.web.servlet.resource.NoResourceFoundException: No static resource camunda-welcome.]
01:07:49.855 [http-nio-8082-exec-10] ERROR o.u.i.e.GlobalExceptionHandler - [Unexpected Error] No static resource camunda/deployment.
org.springframework.web.servlet.resource.NoResourceFoundException: No static resource camunda/deployment.
	at org.springframework.web.servlet.resource.ResourceHttpRequestHandler.handleRequest(ResourceHttpRequestHandler.java:585)
	at org.springframework.web.servlet.mvc.HttpRequestHandlerAdapter.handle(HttpRequestHandlerAdapter.java:52)
	at org.springframework.web.servlet.DispatcherServlet.doDispatch(DispatcherServlet.java:1089)
	at org.springframework.web.servlet.DispatcherServlet.doService(DispatcherServlet.java:979)
	at org.springframework.web.servlet.FrameworkServlet.processRequest(FrameworkServlet.java:1014)
	at org.springframework.web.servlet.FrameworkServlet.doGet(FrameworkServlet.java:903)
	at jakarta.servlet.http.HttpServlet.service(HttpServlet.java:564)
	at org.springframework.web.servlet.FrameworkServlet.service(FrameworkServlet.java:885)
	at jakarta.servlet.http.HttpServlet.service(HttpServlet.java:658)
	at org.apache.catalina.core.ApplicationFilterChain.internalDoFilter(ApplicationFilterChain.java:206)
	at org.apache.catalina.core.ApplicationFilterChain.doFilter(ApplicationFilterChain.java:150)
	at org.apache.tomcat.websocket.server.WsFilter.doFilter(WsFilter.java:51)
	at org.apache.catalina.core.ApplicationFilterChain.internalDoFilter(ApplicationFilterChain.java:175)
	at org.apache.catalina.core.ApplicationFilterChain.doFilter(ApplicationFilterChain.java:150)
	at org.springframework.web.filter.RequestContextFilter.doFilterInternal(RequestContextFilter.java:100)
	at org.springframework.web.filter.OncePerRequestFilter.doFilter(OncePerRequestFilter.java:116)
	at org.apache.catalina.core.ApplicationFilterChain.internalDoFilter(ApplicationFilterChain.java:175)
	at org.apache.catalina.core.ApplicationFilterChain.doFilter(ApplicationFilterChain.java:150)
	at org.springframework.web.filter.CompositeFilter$VirtualFilterChain.doFilter(CompositeFilter.java:108)
	at org.springframework.security.web.FilterChainProxy.lambda$doFilterInternal$3(FilterChainProxy.java:231)
	at org.springframework.security.web.ObservationFilterChainDecorator$FilterObservation$SimpleFilterObservation.lambda$wrap$1(ObservationFilterChainDecorator.java:479)
	at org.springframework.security.web.ObservationFilterChainDecorator$AroundFilterObservation$SimpleAroundFilterObservation.lambda$wrap$1(ObservationFilterChainDecorator.java:340)
	at org.springframework.security.web.ObservationFilterChainDecorator.lambda$wrapSecured$0(ObservationFilterChainDecorator.java:82)
	at org.springframework.security.web.ObservationFilterChainDecorator$VirtualFilterChain.doFilter(ObservationFilterChainDecorator.java:128)
	at org.springframework.security.web.access.intercept.AuthorizationFilter.doFilter(AuthorizationFilter.java:100)
	at org.springframework.security.web.ObservationFilterChainDecorator$ObservationFilter.wrapFilter(ObservationFilterChainDecorator.java:240)
	at org.springframework.security.web.ObservationFilterChainDecorator$ObservationFilter.doFilter(ObservationFilterChainDecorator.java:227)
	at org.springframework.security.web.ObservationFilterChainDecorator$VirtualFilterChain.doFilter(ObservationFilterChainDecorator.java:137)
	at org.springframework.security.web.access.ExceptionTranslationFilter.doFilter(ExceptionTranslationFilter.java:126)
	at org.springframework.security.web.access.ExceptionTranslationFilter.doFilter(ExceptionTranslationFilter.java:120)
	at org.springframework.security.web.ObservationFilterChainDecorator$ObservationFilter.wrapFilter(ObservationFilterChainDecorator.java:240)
	at org.springframework.security.web.ObservationFilterChainDecorator$ObservationFilter.doFilter(ObservationFilterChainDecorator.java:227)
	at org.springframework.security.web.ObservationFilterChainDecorator$VirtualFilterChain.doFilter(ObservationFilterChainDecorator.java:137)
	at org.springframework.security.web.authentication.AnonymousAuthenticationFilter.doFilter(AnonymousAuthenticationFilter.java:100)
	at org.springframework.security.web.ObservationFilterChainDecorator$ObservationFilter.wrapFilter(ObservationFilterChainDecorator.java:240)
	at org.springframework.security.web.ObservationFilterChainDecorator$ObservationFilter.doFilter(ObservationFilterChainDecorator.java:227)
	at org.springframework.security.web.ObservationFilterChainDecorator$VirtualFilterChain.doFilter(ObservationFilterChainDecorator.java:137)
	at org.springframework.security.web.servletapi.SecurityContextHolderAwareRequestFilter.doFilter(SecurityContextHolderAwareRequestFilter.java:179)
	at org.springframework.security.web.ObservationFilterChainDecorator$ObservationFilter.wrapFilter(ObservationFilterChainDecorator.java:240)
	at org.springframework.security.web.ObservationFilterChainDecorator$ObservationFilter.doFilter(ObservationFilterChainDecorator.java:227)
	at org.springframework.security.web.ObservationFilterChainDecorator$VirtualFilterChain.doFilter(ObservationFilterChainDecorator.java:137)
	at org.springframework.security.web.savedrequest.RequestCacheAwareFilter.doFilter(RequestCacheAwareFilter.java:63)
	at org.springframework.security.web.ObservationFilterChainDecorator$ObservationFilter.wrapFilter(ObservationFilterChainDecorator.java:240)
	at org.springframework.security.web.ObservationFilterChainDecorator$ObservationFilter.doFilter(ObservationFilterChainDecorator.java:227)
	at org.springframework.security.web.ObservationFilterChainDecorator$VirtualFilterChain.doFilter(ObservationFilterChainDecorator.java:137)
	at org.springframework.security.web.authentication.logout.LogoutFilter.doFilter(LogoutFilter.java:107)
	at org.springframework.security.web.authentication.logout.LogoutFilter.doFilter(LogoutFilter.java:93)
	at org.springframework.security.web.ObservationFilterChainDecorator$ObservationFilter.wrapFilter(ObservationFilterChainDecorator.java:240)
	at org.springframework.security.web.ObservationFilterChainDecorator$ObservationFilter.doFilter(ObservationFilterChainDecorator.java:227)
	at org.springframework.security.web.ObservationFilterChainDecorator$VirtualFilterChain.doFilter(ObservationFilterChainDecorator.java:137)
	at org.springframework.web.filter.CorsFilter.doFilterInternal(CorsFilter.java:91)
	at org.springframework.web.filter.OncePerRequestFilter.doFilter(OncePerRequestFilter.java:116)
	at org.springframework.security.web.ObservationFilterChainDecorator$ObservationFilter.wrapFilter(ObservationFilterChainDecorator.java:240)
	at org.springframework.security.web.ObservationFilterChainDecorator$ObservationFilter.doFilter(ObservationFilterChainDecorator.java:227)
	at org.springframework.security.web.ObservationFilterChainDecorator$VirtualFilterChain.doFilter(ObservationFilterChainDecorator.java:137)
	at org.springframework.security.web.header.HeaderWriterFilter.doHeadersAfter(HeaderWriterFilter.java:90)
	at org.springframework.security.web.header.HeaderWriterFilter.doFilterInternal(HeaderWriterFilter.java:75)
	at org.springframework.web.filter.OncePerRequestFilter.doFilter(OncePerRequestFilter.java:116)
	at org.springframework.security.web.ObservationFilterChainDecorator$ObservationFilter.wrapFilter(ObservationFilterChainDecorator.java:240)
	at org.springframework.security.web.ObservationFilterChainDecorator$ObservationFilter.doFilter(ObservationFilterChainDecorator.java:227)
	at org.springframework.security.web.ObservationFilterChainDecorator$VirtualFilterChain.doFilter(ObservationFilterChainDecorator.java:137)
	at org.springframework.security.web.context.SecurityContextHolderFilter.doFilter(SecurityContextHolderFilter.java:82)
	at org.springframework.security.web.context.SecurityContextHolderFilter.doFilter(SecurityContextHolderFilter.java:69)
	at org.springframework.security.web.ObservationFilterChainDecorator$ObservationFilter.wrapFilter(ObservationFilterChainDecorator.java:240)
	at org.springframework.security.web.ObservationFilterChainDecorator$ObservationFilter.doFilter(ObservationFilterChainDecorator.java:227)
	at org.springframework.security.web.ObservationFilterChainDecorator$VirtualFilterChain.doFilter(ObservationFilterChainDecorator.java:137)
	at org.springframework.security.web.context.request.async.WebAsyncManagerIntegrationFilter.doFilterInternal(WebAsyncManagerIntegrationFilter.java:62)
	at org.springframework.web.filter.OncePerRequestFilter.doFilter(OncePerRequestFilter.java:116)
	at org.springframework.security.web.ObservationFilterChainDecorator$ObservationFilter.wrapFilter(ObservationFilterChainDecorator.java:240)
	at org.springframework.security.web.ObservationFilterChainDecorator$ObservationFilter.doFilter(ObservationFilterChainDecorator.java:227)
	at org.springframework.security.web.ObservationFilterChainDecorator$VirtualFilterChain.doFilter(ObservationFilterChainDecorator.java:137)
	at org.springframework.security.web.session.DisableEncodeUrlFilter.doFilterInternal(DisableEncodeUrlFilter.java:42)
	at org.springframework.web.filter.OncePerRequestFilter.doFilter(OncePerRequestFilter.java:116)
	at org.springframework.security.web.ObservationFilterChainDecorator$ObservationFilter.wrapFilter(ObservationFilterChainDecorator.java:240)
	at org.springframework.security.web.ObservationFilterChainDecorator$AroundFilterObservation$SimpleAroundFilterObservation.lambda$wrap$0(ObservationFilterChainDecorator.java:323)
	at org.springframework.security.web.ObservationFilterChainDecorator$ObservationFilter.doFilter(ObservationFilterChainDecorator.java:224)
	at org.springframework.security.web.ObservationFilterChainDecorator$VirtualFilterChain.doFilter(ObservationFilterChainDecorator.java:137)
	at org.springframework.security.web.FilterChainProxy.doFilterInternal(FilterChainProxy.java:233)
	at org.springframework.security.web.FilterChainProxy.doFilter(FilterChainProxy.java:191)
	at org.springframework.web.filter.CompositeFilter$VirtualFilterChain.doFilter(CompositeFilter.java:113)
	at org.springframework.web.servlet.handler.HandlerMappingIntrospector.lambda$createCacheFilter$3(HandlerMappingIntrospector.java:195)
	at org.springframework.web.filter.CompositeFilter$VirtualFilterChain.doFilter(CompositeFilter.java:113)
	at org.springframework.web.filter.CompositeFilter.doFilter(CompositeFilter.java:74)
	at org.springframework.security.config.annotation.web.configuration.WebMvcSecurityConfiguration$CompositeFilterChainProxy.doFilter(WebMvcSecurityConfiguration.java:230)
	at org.springframework.web.filter.DelegatingFilterProxy.invokeDelegate(DelegatingFilterProxy.java:352)
	at org.springframework.web.filter.DelegatingFilterProxy.doFilter(DelegatingFilterProxy.java:268)
	at org.apache.catalina.core.ApplicationFilterChain.internalDoFilter(ApplicationFilterChain.java:175)
	at org.apache.catalina.core.ApplicationFilterChain.doFilter(ApplicationFilterChain.java:150)
	at org.springframework.web.filter.FormContentFilter.doFilterInternal(FormContentFilter.java:93)
	at org.springframework.web.filter.OncePerRequestFilter.doFilter(OncePerRequestFilter.java:116)
	at org.apache.catalina.core.ApplicationFilterChain.internalDoFilter(ApplicationFilterChain.java:175)
	at org.apache.catalina.core.ApplicationFilterChain.doFilter(ApplicationFilterChain.java:150)
	at org.springframework.web.filter.ServerHttpObservationFilter.doFilterInternal(ServerHttpObservationFilter.java:109)
	at org.springframework.web.filter.OncePerRequestFilter.doFilter(OncePerRequestFilter.java:116)
	at org.apache.catalina.core.ApplicationFilterChain.internalDoFilter(ApplicationFilterChain.java:175)
	at org.apache.catalina.core.ApplicationFilterChain.doFilter(ApplicationFilterChain.java:150)
	at org.springframework.web.filter.CharacterEncodingFilter.doFilterInternal(CharacterEncodingFilter.java:201)
	at org.springframework.web.filter.OncePerRequestFilter.doFilter(OncePerRequestFilter.java:116)
	at org.apache.catalina.core.ApplicationFilterChain.internalDoFilter(ApplicationFilterChain.java:175)
	at org.apache.catalina.core.ApplicationFilterChain.doFilter(ApplicationFilterChain.java:150)
	at org.apache.catalina.core.StandardWrapperValve.invoke(StandardWrapperValve.java:167)
	at org.apache.catalina.core.StandardContextValve.invoke(StandardContextValve.java:90)
	at org.apache.catalina.authenticator.AuthenticatorBase.invoke(AuthenticatorBase.java:482)
	at org.apache.catalina.core.StandardHostValve.invoke(StandardHostValve.java:115)
	at org.apache.catalina.valves.ErrorReportValve.invoke(ErrorReportValve.java:93)
	at org.apache.catalina.core.StandardEngineValve.invoke(StandardEngineValve.java:74)
	at org.apache.catalina.connector.CoyoteAdapter.service(CoyoteAdapter.java:344)
	at org.apache.coyote.http11.Http11Processor.service(Http11Processor.java:391)
	at org.apache.coyote.AbstractProcessorLight.process(AbstractProcessorLight.java:63)
	at org.apache.coyote.AbstractProtocol$ConnectionHandler.process(AbstractProtocol.java:896)
	at org.apache.tomcat.util.net.NioEndpoint$SocketProcessor.doRun(NioEndpoint.java:1736)
	at org.apache.tomcat.util.net.SocketProcessorBase.run(SocketProcessorBase.java:52)
	at org.apache.tomcat.util.threads.ThreadPoolExecutor.runWorker(ThreadPoolExecutor.java:1191)
	at org.apache.tomcat.util.threads.ThreadPoolExecutor$Worker.run(ThreadPoolExecutor.java:659)
	at org.apache.tomcat.util.threads.TaskThread$WrappingRunnable.run(TaskThread.java:63)
	at java.base/java.lang.Thread.run(Thread.java:1570)
01:07:49.858 [http-nio-8082-exec-10] WARN  o.s.w.s.m.m.a.ExceptionHandlerExceptionResolver - Resolved [org.springframework.web.servlet.resource.NoResourceFoundException: No static resource camunda/deployment.]
01:07:51.699 [http-nio-8082-exec-7] ERROR o.u.i.e.GlobalExceptionHandler - [Unexpected Error] No static resource camunda/deployment.
org.springframework.web.servlet.resource.NoResourceFoundException: No static resource camunda/deployment.
	at org.springframework.web.servlet.resource.ResourceHttpRequestHandler.handleRequest(ResourceHttpRequestHandler.java:585)
	at org.springframework.web.servlet.mvc.HttpRequestHandlerAdapter.handle(HttpRequestHandlerAdapter.java:52)
	at org.springframework.web.servlet.DispatcherServlet.doDispatch(DispatcherServlet.java:1089)
	at org.springframework.web.servlet.DispatcherServlet.doService(DispatcherServlet.java:979)
	at org.springframework.web.servlet.FrameworkServlet.processRequest(FrameworkServlet.java:1014)
	at org.springframework.web.servlet.FrameworkServlet.doGet(FrameworkServlet.java:903)
	at jakarta.servlet.http.HttpServlet.service(HttpServlet.java:564)
	at org.springframework.web.servlet.FrameworkServlet.service(FrameworkServlet.java:885)
	at jakarta.servlet.http.HttpServlet.service(HttpServlet.java:658)
	at org.apache.catalina.core.ApplicationFilterChain.internalDoFilter(ApplicationFilterChain.java:206)
	at org.apache.catalina.core.ApplicationFilterChain.doFilter(ApplicationFilterChain.java:150)
	at org.apache.tomcat.websocket.server.WsFilter.doFilter(WsFilter.java:51)
	at org.apache.catalina.core.ApplicationFilterChain.internalDoFilter(ApplicationFilterChain.java:175)
	at org.apache.catalina.core.ApplicationFilterChain.doFilter(ApplicationFilterChain.java:150)
	at org.springframework.web.filter.RequestContextFilter.doFilterInternal(RequestContextFilter.java:100)
	at org.springframework.web.filter.OncePerRequestFilter.doFilter(OncePerRequestFilter.java:116)
	at org.apache.catalina.core.ApplicationFilterChain.internalDoFilter(ApplicationFilterChain.java:175)
	at org.apache.catalina.core.ApplicationFilterChain.doFilter(ApplicationFilterChain.java:150)
	at org.springframework.web.filter.CompositeFilter$VirtualFilterChain.doFilter(CompositeFilter.java:108)
	at org.springframework.security.web.FilterChainProxy.lambda$doFilterInternal$3(FilterChainProxy.java:231)
	at org.springframework.security.web.ObservationFilterChainDecorator$FilterObservation$SimpleFilterObservation.lambda$wrap$1(ObservationFilterChainDecorator.java:479)
	at org.springframework.security.web.ObservationFilterChainDecorator$AroundFilterObservation$SimpleAroundFilterObservation.lambda$wrap$1(ObservationFilterChainDecorator.java:340)
	at org.springframework.security.web.ObservationFilterChainDecorator.lambda$wrapSecured$0(ObservationFilterChainDecorator.java:82)
	at org.springframework.security.web.ObservationFilterChainDecorator$VirtualFilterChain.doFilter(ObservationFilterChainDecorator.java:128)
	at org.springframework.security.web.access.intercept.AuthorizationFilter.doFilter(AuthorizationFilter.java:100)
	at org.springframework.security.web.ObservationFilterChainDecorator$ObservationFilter.wrapFilter(ObservationFilterChainDecorator.java:240)
	at org.springframework.security.web.ObservationFilterChainDecorator$ObservationFilter.doFilter(ObservationFilterChainDecorator.java:227)
	at org.springframework.security.web.ObservationFilterChainDecorator$VirtualFilterChain.doFilter(ObservationFilterChainDecorator.java:137)
	at org.springframework.security.web.access.ExceptionTranslationFilter.doFilter(ExceptionTranslationFilter.java:126)
	at org.springframework.security.web.access.ExceptionTranslationFilter.doFilter(ExceptionTranslationFilter.java:120)
	at org.springframework.security.web.ObservationFilterChainDecorator$ObservationFilter.wrapFilter(ObservationFilterChainDecorator.java:240)
	at org.springframework.security.web.ObservationFilterChainDecorator$ObservationFilter.doFilter(ObservationFilterChainDecorator.java:227)
	at org.springframework.security.web.ObservationFilterChainDecorator$VirtualFilterChain.doFilter(ObservationFilterChainDecorator.java:137)
	at org.springframework.security.web.authentication.AnonymousAuthenticationFilter.doFilter(AnonymousAuthenticationFilter.java:100)
	at org.springframework.security.web.ObservationFilterChainDecorator$ObservationFilter.wrapFilter(ObservationFilterChainDecorator.java:240)
	at org.springframework.security.web.ObservationFilterChainDecorator$ObservationFilter.doFilter(ObservationFilterChainDecorator.java:227)
	at org.springframework.security.web.ObservationFilterChainDecorator$VirtualFilterChain.doFilter(ObservationFilterChainDecorator.java:137)
	at org.springframework.security.web.servletapi.SecurityContextHolderAwareRequestFilter.doFilter(SecurityContextHolderAwareRequestFilter.java:179)
	at org.springframework.security.web.ObservationFilterChainDecorator$ObservationFilter.wrapFilter(ObservationFilterChainDecorator.java:240)
	at org.springframework.security.web.ObservationFilterChainDecorator$ObservationFilter.doFilter(ObservationFilterChainDecorator.java:227)
	at org.springframework.security.web.ObservationFilterChainDecorator$VirtualFilterChain.doFilter(ObservationFilterChainDecorator.java:137)
	at org.springframework.security.web.savedrequest.RequestCacheAwareFilter.doFilter(RequestCacheAwareFilter.java:63)
	at org.springframework.security.web.ObservationFilterChainDecorator$ObservationFilter.wrapFilter(ObservationFilterChainDecorator.java:240)
	at org.springframework.security.web.ObservationFilterChainDecorator$ObservationFilter.doFilter(ObservationFilterChainDecorator.java:227)
	at org.springframework.security.web.ObservationFilterChainDecorator$VirtualFilterChain.doFilter(ObservationFilterChainDecorator.java:137)
	at org.springframework.security.web.authentication.logout.LogoutFilter.doFilter(LogoutFilter.java:107)
	at org.springframework.security.web.authentication.logout.LogoutFilter.doFilter(LogoutFilter.java:93)
	at org.springframework.security.web.ObservationFilterChainDecorator$ObservationFilter.wrapFilter(ObservationFilterChainDecorator.java:240)
	at org.springframework.security.web.ObservationFilterChainDecorator$ObservationFilter.doFilter(ObservationFilterChainDecorator.java:227)
	at org.springframework.security.web.ObservationFilterChainDecorator$VirtualFilterChain.doFilter(ObservationFilterChainDecorator.java:137)
	at org.springframework.web.filter.CorsFilter.doFilterInternal(CorsFilter.java:91)
	at org.springframework.web.filter.OncePerRequestFilter.doFilter(OncePerRequestFilter.java:116)
	at org.springframework.security.web.ObservationFilterChainDecorator$ObservationFilter.wrapFilter(ObservationFilterChainDecorator.java:240)
	at org.springframework.security.web.ObservationFilterChainDecorator$ObservationFilter.doFilter(ObservationFilterChainDecorator.java:227)
	at org.springframework.security.web.ObservationFilterChainDecorator$VirtualFilterChain.doFilter(ObservationFilterChainDecorator.java:137)
	at org.springframework.security.web.header.HeaderWriterFilter.doHeadersAfter(HeaderWriterFilter.java:90)
	at org.springframework.security.web.header.HeaderWriterFilter.doFilterInternal(HeaderWriterFilter.java:75)
	at org.springframework.web.filter.OncePerRequestFilter.doFilter(OncePerRequestFilter.java:116)
	at org.springframework.security.web.ObservationFilterChainDecorator$ObservationFilter.wrapFilter(ObservationFilterChainDecorator.java:240)
	at org.springframework.security.web.ObservationFilterChainDecorator$ObservationFilter.doFilter(ObservationFilterChainDecorator.java:227)
	at org.springframework.security.web.ObservationFilterChainDecorator$VirtualFilterChain.doFilter(ObservationFilterChainDecorator.java:137)
	at org.springframework.security.web.context.SecurityContextHolderFilter.doFilter(SecurityContextHolderFilter.java:82)
	at org.springframework.security.web.context.SecurityContextHolderFilter.doFilter(SecurityContextHolderFilter.java:69)
	at org.springframework.security.web.ObservationFilterChainDecorator$ObservationFilter.wrapFilter(ObservationFilterChainDecorator.java:240)
	at org.springframework.security.web.ObservationFilterChainDecorator$ObservationFilter.doFilter(ObservationFilterChainDecorator.java:227)
	at org.springframework.security.web.ObservationFilterChainDecorator$VirtualFilterChain.doFilter(ObservationFilterChainDecorator.java:137)
	at org.springframework.security.web.context.request.async.WebAsyncManagerIntegrationFilter.doFilterInternal(WebAsyncManagerIntegrationFilter.java:62)
	at org.springframework.web.filter.OncePerRequestFilter.doFilter(OncePerRequestFilter.java:116)
	at org.springframework.security.web.ObservationFilterChainDecorator$ObservationFilter.wrapFilter(ObservationFilterChainDecorator.java:240)
	at org.springframework.security.web.ObservationFilterChainDecorator$ObservationFilter.doFilter(ObservationFilterChainDecorator.java:227)
	at org.springframework.security.web.ObservationFilterChainDecorator$VirtualFilterChain.doFilter(ObservationFilterChainDecorator.java:137)
	at org.springframework.security.web.session.DisableEncodeUrlFilter.doFilterInternal(DisableEncodeUrlFilter.java:42)
	at org.springframework.web.filter.OncePerRequestFilter.doFilter(OncePerRequestFilter.java:116)
	at org.springframework.security.web.ObservationFilterChainDecorator$ObservationFilter.wrapFilter(ObservationFilterChainDecorator.java:240)
	at org.springframework.security.web.ObservationFilterChainDecorator$AroundFilterObservation$SimpleAroundFilterObservation.lambda$wrap$0(ObservationFilterChainDecorator.java:323)
	at org.springframework.security.web.ObservationFilterChainDecorator$ObservationFilter.doFilter(ObservationFilterChainDecorator.java:224)
	at org.springframework.security.web.ObservationFilterChainDecorator$VirtualFilterChain.doFilter(ObservationFilterChainDecorator.java:137)
	at org.springframework.security.web.FilterChainProxy.doFilterInternal(FilterChainProxy.java:233)
	at org.springframework.security.web.FilterChainProxy.doFilter(FilterChainProxy.java:191)
	at org.springframework.web.filter.CompositeFilter$VirtualFilterChain.doFilter(CompositeFilter.java:113)
	at org.springframework.web.servlet.handler.HandlerMappingIntrospector.lambda$createCacheFilter$3(HandlerMappingIntrospector.java:195)
	at org.springframework.web.filter.CompositeFilter$VirtualFilterChain.doFilter(CompositeFilter.java:113)
	at org.springframework.web.filter.CompositeFilter.doFilter(CompositeFilter.java:74)
	at org.springframework.security.config.annotation.web.configuration.WebMvcSecurityConfiguration$CompositeFilterChainProxy.doFilter(WebMvcSecurityConfiguration.java:230)
	at org.springframework.web.filter.DelegatingFilterProxy.invokeDelegate(DelegatingFilterProxy.java:352)
	at org.springframework.web.filter.DelegatingFilterProxy.doFilter(DelegatingFilterProxy.java:268)
	at org.apache.catalina.core.ApplicationFilterChain.internalDoFilter(ApplicationFilterChain.java:175)
	at org.apache.catalina.core.ApplicationFilterChain.doFilter(ApplicationFilterChain.java:150)
	at org.springframework.web.filter.FormContentFilter.doFilterInternal(FormContentFilter.java:93)
	at org.springframework.web.filter.OncePerRequestFilter.doFilter(OncePerRequestFilter.java:116)
	at org.apache.catalina.core.ApplicationFilterChain.internalDoFilter(ApplicationFilterChain.java:175)
	at org.apache.catalina.core.ApplicationFilterChain.doFilter(ApplicationFilterChain.java:150)
	at org.springframework.web.filter.ServerHttpObservationFilter.doFilterInternal(ServerHttpObservationFilter.java:109)
	at org.springframework.web.filter.OncePerRequestFilter.doFilter(OncePerRequestFilter.java:116)
	at org.apache.catalina.core.ApplicationFilterChain.internalDoFilter(ApplicationFilterChain.java:175)
	at org.apache.catalina.core.ApplicationFilterChain.doFilter(ApplicationFilterChain.java:150)
	at org.springframework.web.filter.CharacterEncodingFilter.doFilterInternal(CharacterEncodingFilter.java:201)
	at org.springframework.web.filter.OncePerRequestFilter.doFilter(OncePerRequestFilter.java:116)
	at org.apache.catalina.core.ApplicationFilterChain.internalDoFilter(ApplicationFilterChain.java:175)
	at org.apache.catalina.core.ApplicationFilterChain.doFilter(ApplicationFilterChain.java:150)
	at org.apache.catalina.core.StandardWrapperValve.invoke(StandardWrapperValve.java:167)
	at org.apache.catalina.core.StandardContextValve.invoke(StandardContextValve.java:90)
	at org.apache.catalina.authenticator.AuthenticatorBase.invoke(AuthenticatorBase.java:482)
	at org.apache.catalina.core.StandardHostValve.invoke(StandardHostValve.java:115)
	at org.apache.catalina.valves.ErrorReportValve.invoke(ErrorReportValve.java:93)
	at org.apache.catalina.core.StandardEngineValve.invoke(StandardEngineValve.java:74)
	at org.apache.catalina.connector.CoyoteAdapter.service(CoyoteAdapter.java:344)
	at org.apache.coyote.http11.Http11Processor.service(Http11Processor.java:391)
	at org.apache.coyote.AbstractProcessorLight.process(AbstractProcessorLight.java:63)
	at org.apache.coyote.AbstractProtocol$ConnectionHandler.process(AbstractProtocol.java:896)
	at org.apache.tomcat.util.net.NioEndpoint$SocketProcessor.doRun(NioEndpoint.java:1736)
	at org.apache.tomcat.util.net.SocketProcessorBase.run(SocketProcessorBase.java:52)
	at org.apache.tomcat.util.threads.ThreadPoolExecutor.runWorker(ThreadPoolExecutor.java:1191)
	at org.apache.tomcat.util.threads.ThreadPoolExecutor$Worker.run(ThreadPoolExecutor.java:659)
	at org.apache.tomcat.util.threads.TaskThread$WrappingRunnable.run(TaskThread.java:63)
	at java.base/java.lang.Thread.run(Thread.java:1570)
01:07:51.702 [http-nio-8082-exec-7] WARN  o.s.w.s.m.m.a.ExceptionHandlerExceptionResolver - Resolved [org.springframework.web.servlet.resource.NoResourceFoundException: No static resource camunda/deployment.]
01:16:13.378 [http-nio-8082-exec-8] ERROR o.u.i.e.GlobalExceptionHandler - [Unexpected Error] No static resource camunda/deployment.
org.springframework.web.servlet.resource.NoResourceFoundException: No static resource camunda/deployment.
	at org.springframework.web.servlet.resource.ResourceHttpRequestHandler.handleRequest(ResourceHttpRequestHandler.java:585)
	at org.springframework.web.servlet.mvc.HttpRequestHandlerAdapter.handle(HttpRequestHandlerAdapter.java:52)
	at org.springframework.web.servlet.DispatcherServlet.doDispatch(DispatcherServlet.java:1089)
	at org.springframework.web.servlet.DispatcherServlet.doService(DispatcherServlet.java:979)
	at org.springframework.web.servlet.FrameworkServlet.processRequest(FrameworkServlet.java:1014)
	at org.springframework.web.servlet.FrameworkServlet.doGet(FrameworkServlet.java:903)
	at jakarta.servlet.http.HttpServlet.service(HttpServlet.java:564)
	at org.springframework.web.servlet.FrameworkServlet.service(FrameworkServlet.java:885)
	at jakarta.servlet.http.HttpServlet.service(HttpServlet.java:658)
	at org.apache.catalina.core.ApplicationFilterChain.internalDoFilter(ApplicationFilterChain.java:206)
	at org.apache.catalina.core.ApplicationFilterChain.doFilter(ApplicationFilterChain.java:150)
	at org.apache.tomcat.websocket.server.WsFilter.doFilter(WsFilter.java:51)
	at org.apache.catalina.core.ApplicationFilterChain.internalDoFilter(ApplicationFilterChain.java:175)
	at org.apache.catalina.core.ApplicationFilterChain.doFilter(ApplicationFilterChain.java:150)
	at org.springframework.web.filter.RequestContextFilter.doFilterInternal(RequestContextFilter.java:100)
	at org.springframework.web.filter.OncePerRequestFilter.doFilter(OncePerRequestFilter.java:116)
	at org.apache.catalina.core.ApplicationFilterChain.internalDoFilter(ApplicationFilterChain.java:175)
	at org.apache.catalina.core.ApplicationFilterChain.doFilter(ApplicationFilterChain.java:150)
	at org.springframework.web.filter.CompositeFilter$VirtualFilterChain.doFilter(CompositeFilter.java:108)
	at org.springframework.security.web.FilterChainProxy.lambda$doFilterInternal$3(FilterChainProxy.java:231)
	at org.springframework.security.web.ObservationFilterChainDecorator$FilterObservation$SimpleFilterObservation.lambda$wrap$1(ObservationFilterChainDecorator.java:479)
	at org.springframework.security.web.ObservationFilterChainDecorator$AroundFilterObservation$SimpleAroundFilterObservation.lambda$wrap$1(ObservationFilterChainDecorator.java:340)
	at org.springframework.security.web.ObservationFilterChainDecorator.lambda$wrapSecured$0(ObservationFilterChainDecorator.java:82)
	at org.springframework.security.web.ObservationFilterChainDecorator$VirtualFilterChain.doFilter(ObservationFilterChainDecorator.java:128)
	at org.springframework.security.web.access.intercept.AuthorizationFilter.doFilter(AuthorizationFilter.java:100)
	at org.springframework.security.web.ObservationFilterChainDecorator$ObservationFilter.wrapFilter(ObservationFilterChainDecorator.java:240)
	at org.springframework.security.web.ObservationFilterChainDecorator$ObservationFilter.doFilter(ObservationFilterChainDecorator.java:227)
	at org.springframework.security.web.ObservationFilterChainDecorator$VirtualFilterChain.doFilter(ObservationFilterChainDecorator.java:137)
	at org.springframework.security.web.access.ExceptionTranslationFilter.doFilter(ExceptionTranslationFilter.java:126)
	at org.springframework.security.web.access.ExceptionTranslationFilter.doFilter(ExceptionTranslationFilter.java:120)
	at org.springframework.security.web.ObservationFilterChainDecorator$ObservationFilter.wrapFilter(ObservationFilterChainDecorator.java:240)
	at org.springframework.security.web.ObservationFilterChainDecorator$ObservationFilter.doFilter(ObservationFilterChainDecorator.java:227)
	at org.springframework.security.web.ObservationFilterChainDecorator$VirtualFilterChain.doFilter(ObservationFilterChainDecorator.java:137)
	at org.springframework.security.web.authentication.AnonymousAuthenticationFilter.doFilter(AnonymousAuthenticationFilter.java:100)
	at org.springframework.security.web.ObservationFilterChainDecorator$ObservationFilter.wrapFilter(ObservationFilterChainDecorator.java:240)
	at org.springframework.security.web.ObservationFilterChainDecorator$ObservationFilter.doFilter(ObservationFilterChainDecorator.java:227)
	at org.springframework.security.web.ObservationFilterChainDecorator$VirtualFilterChain.doFilter(ObservationFilterChainDecorator.java:137)
	at org.springframework.security.web.servletapi.SecurityContextHolderAwareRequestFilter.doFilter(SecurityContextHolderAwareRequestFilter.java:179)
	at org.springframework.security.web.ObservationFilterChainDecorator$ObservationFilter.wrapFilter(ObservationFilterChainDecorator.java:240)
	at org.springframework.security.web.ObservationFilterChainDecorator$ObservationFilter.doFilter(ObservationFilterChainDecorator.java:227)
	at org.springframework.security.web.ObservationFilterChainDecorator$VirtualFilterChain.doFilter(ObservationFilterChainDecorator.java:137)
	at org.springframework.security.web.savedrequest.RequestCacheAwareFilter.doFilter(RequestCacheAwareFilter.java:63)
	at org.springframework.security.web.ObservationFilterChainDecorator$ObservationFilter.wrapFilter(ObservationFilterChainDecorator.java:240)
	at org.springframework.security.web.ObservationFilterChainDecorator$ObservationFilter.doFilter(ObservationFilterChainDecorator.java:227)
	at org.springframework.security.web.ObservationFilterChainDecorator$VirtualFilterChain.doFilter(ObservationFilterChainDecorator.java:137)
	at org.springframework.security.web.authentication.logout.LogoutFilter.doFilter(LogoutFilter.java:107)
	at org.springframework.security.web.authentication.logout.LogoutFilter.doFilter(LogoutFilter.java:93)
	at org.springframework.security.web.ObservationFilterChainDecorator$ObservationFilter.wrapFilter(ObservationFilterChainDecorator.java:240)
	at org.springframework.security.web.ObservationFilterChainDecorator$ObservationFilter.doFilter(ObservationFilterChainDecorator.java:227)
	at org.springframework.security.web.ObservationFilterChainDecorator$VirtualFilterChain.doFilter(ObservationFilterChainDecorator.java:137)
	at org.springframework.web.filter.CorsFilter.doFilterInternal(CorsFilter.java:91)
	at org.springframework.web.filter.OncePerRequestFilter.doFilter(OncePerRequestFilter.java:116)
	at org.springframework.security.web.ObservationFilterChainDecorator$ObservationFilter.wrapFilter(ObservationFilterChainDecorator.java:240)
	at org.springframework.security.web.ObservationFilterChainDecorator$ObservationFilter.doFilter(ObservationFilterChainDecorator.java:227)
	at org.springframework.security.web.ObservationFilterChainDecorator$VirtualFilterChain.doFilter(ObservationFilterChainDecorator.java:137)
	at org.springframework.security.web.header.HeaderWriterFilter.doHeadersAfter(HeaderWriterFilter.java:90)
	at org.springframework.security.web.header.HeaderWriterFilter.doFilterInternal(HeaderWriterFilter.java:75)
	at org.springframework.web.filter.OncePerRequestFilter.doFilter(OncePerRequestFilter.java:116)
	at org.springframework.security.web.ObservationFilterChainDecorator$ObservationFilter.wrapFilter(ObservationFilterChainDecorator.java:240)
	at org.springframework.security.web.ObservationFilterChainDecorator$ObservationFilter.doFilter(ObservationFilterChainDecorator.java:227)
	at org.springframework.security.web.ObservationFilterChainDecorator$VirtualFilterChain.doFilter(ObservationFilterChainDecorator.java:137)
	at org.springframework.security.web.context.SecurityContextHolderFilter.doFilter(SecurityContextHolderFilter.java:82)
	at org.springframework.security.web.context.SecurityContextHolderFilter.doFilter(SecurityContextHolderFilter.java:69)
	at org.springframework.security.web.ObservationFilterChainDecorator$ObservationFilter.wrapFilter(ObservationFilterChainDecorator.java:240)
	at org.springframework.security.web.ObservationFilterChainDecorator$ObservationFilter.doFilter(ObservationFilterChainDecorator.java:227)
	at org.springframework.security.web.ObservationFilterChainDecorator$VirtualFilterChain.doFilter(ObservationFilterChainDecorator.java:137)
	at org.springframework.security.web.context.request.async.WebAsyncManagerIntegrationFilter.doFilterInternal(WebAsyncManagerIntegrationFilter.java:62)
	at org.springframework.web.filter.OncePerRequestFilter.doFilter(OncePerRequestFilter.java:116)
	at org.springframework.security.web.ObservationFilterChainDecorator$ObservationFilter.wrapFilter(ObservationFilterChainDecorator.java:240)
	at org.springframework.security.web.ObservationFilterChainDecorator$ObservationFilter.doFilter(ObservationFilterChainDecorator.java:227)
	at org.springframework.security.web.ObservationFilterChainDecorator$VirtualFilterChain.doFilter(ObservationFilterChainDecorator.java:137)
	at org.springframework.security.web.session.DisableEncodeUrlFilter.doFilterInternal(DisableEncodeUrlFilter.java:42)
	at org.springframework.web.filter.OncePerRequestFilter.doFilter(OncePerRequestFilter.java:116)
	at org.springframework.security.web.ObservationFilterChainDecorator$ObservationFilter.wrapFilter(ObservationFilterChainDecorator.java:240)
	at org.springframework.security.web.ObservationFilterChainDecorator$AroundFilterObservation$SimpleAroundFilterObservation.lambda$wrap$0(ObservationFilterChainDecorator.java:323)
	at org.springframework.security.web.ObservationFilterChainDecorator$ObservationFilter.doFilter(ObservationFilterChainDecorator.java:224)
	at org.springframework.security.web.ObservationFilterChainDecorator$VirtualFilterChain.doFilter(ObservationFilterChainDecorator.java:137)
	at org.springframework.security.web.FilterChainProxy.doFilterInternal(FilterChainProxy.java:233)
	at org.springframework.security.web.FilterChainProxy.doFilter(FilterChainProxy.java:191)
	at org.springframework.web.filter.CompositeFilter$VirtualFilterChain.doFilter(CompositeFilter.java:113)
	at org.springframework.web.servlet.handler.HandlerMappingIntrospector.lambda$createCacheFilter$3(HandlerMappingIntrospector.java:195)
	at org.springframework.web.filter.CompositeFilter$VirtualFilterChain.doFilter(CompositeFilter.java:113)
	at org.springframework.web.filter.CompositeFilter.doFilter(CompositeFilter.java:74)
	at org.springframework.security.config.annotation.web.configuration.WebMvcSecurityConfiguration$CompositeFilterChainProxy.doFilter(WebMvcSecurityConfiguration.java:230)
	at org.springframework.web.filter.DelegatingFilterProxy.invokeDelegate(DelegatingFilterProxy.java:352)
	at org.springframework.web.filter.DelegatingFilterProxy.doFilter(DelegatingFilterProxy.java:268)
	at org.apache.catalina.core.ApplicationFilterChain.internalDoFilter(ApplicationFilterChain.java:175)
	at org.apache.catalina.core.ApplicationFilterChain.doFilter(ApplicationFilterChain.java:150)
	at org.springframework.web.filter.FormContentFilter.doFilterInternal(FormContentFilter.java:93)
	at org.springframework.web.filter.OncePerRequestFilter.doFilter(OncePerRequestFilter.java:116)
	at org.apache.catalina.core.ApplicationFilterChain.internalDoFilter(ApplicationFilterChain.java:175)
	at org.apache.catalina.core.ApplicationFilterChain.doFilter(ApplicationFilterChain.java:150)
	at org.springframework.web.filter.ServerHttpObservationFilter.doFilterInternal(ServerHttpObservationFilter.java:109)
	at org.springframework.web.filter.OncePerRequestFilter.doFilter(OncePerRequestFilter.java:116)
	at org.apache.catalina.core.ApplicationFilterChain.internalDoFilter(ApplicationFilterChain.java:175)
	at org.apache.catalina.core.ApplicationFilterChain.doFilter(ApplicationFilterChain.java:150)
	at org.springframework.web.filter.CharacterEncodingFilter.doFilterInternal(CharacterEncodingFilter.java:201)
	at org.springframework.web.filter.OncePerRequestFilter.doFilter(OncePerRequestFilter.java:116)
	at org.apache.catalina.core.ApplicationFilterChain.internalDoFilter(ApplicationFilterChain.java:175)
	at org.apache.catalina.core.ApplicationFilterChain.doFilter(ApplicationFilterChain.java:150)
	at org.apache.catalina.core.StandardWrapperValve.invoke(StandardWrapperValve.java:167)
	at org.apache.catalina.core.StandardContextValve.invoke(StandardContextValve.java:90)
	at org.apache.catalina.authenticator.AuthenticatorBase.invoke(AuthenticatorBase.java:482)
	at org.apache.catalina.core.StandardHostValve.invoke(StandardHostValve.java:115)
	at org.apache.catalina.valves.ErrorReportValve.invoke(ErrorReportValve.java:93)
	at org.apache.catalina.core.StandardEngineValve.invoke(StandardEngineValve.java:74)
	at org.apache.catalina.connector.CoyoteAdapter.service(CoyoteAdapter.java:344)
	at org.apache.coyote.http11.Http11Processor.service(Http11Processor.java:391)
	at org.apache.coyote.AbstractProcessorLight.process(AbstractProcessorLight.java:63)
	at org.apache.coyote.AbstractProtocol$ConnectionHandler.process(AbstractProtocol.java:896)
	at org.apache.tomcat.util.net.NioEndpoint$SocketProcessor.doRun(NioEndpoint.java:1736)
	at org.apache.tomcat.util.net.SocketProcessorBase.run(SocketProcessorBase.java:52)
	at org.apache.tomcat.util.threads.ThreadPoolExecutor.runWorker(ThreadPoolExecutor.java:1191)
	at org.apache.tomcat.util.threads.ThreadPoolExecutor$Worker.run(ThreadPoolExecutor.java:659)
	at org.apache.tomcat.util.threads.TaskThread$WrappingRunnable.run(TaskThread.java:63)
	at java.base/java.lang.Thread.run(Thread.java:1570)
01:16:13.382 [http-nio-8082-exec-8] WARN  o.s.w.s.m.m.a.ExceptionHandlerExceptionResolver - Resolved [org.springframework.web.servlet.resource.NoResourceFoundException: No static resource camunda/deployment.]
01:16:16.538 [http-nio-8082-exec-1] ERROR o.u.i.e.GlobalExceptionHandler - [Unexpected Error] No static resource engine/deployment.
org.springframework.web.servlet.resource.NoResourceFoundException: No static resource engine/deployment.
	at org.springframework.web.servlet.resource.ResourceHttpRequestHandler.handleRequest(ResourceHttpRequestHandler.java:585)
	at org.springframework.web.servlet.mvc.HttpRequestHandlerAdapter.handle(HttpRequestHandlerAdapter.java:52)
	at org.springframework.web.servlet.DispatcherServlet.doDispatch(DispatcherServlet.java:1089)
	at org.springframework.web.servlet.DispatcherServlet.doService(DispatcherServlet.java:979)
	at org.springframework.web.servlet.FrameworkServlet.processRequest(FrameworkServlet.java:1014)
	at org.springframework.web.servlet.FrameworkServlet.doGet(FrameworkServlet.java:903)
	at jakarta.servlet.http.HttpServlet.service(HttpServlet.java:564)
	at org.springframework.web.servlet.FrameworkServlet.service(FrameworkServlet.java:885)
	at jakarta.servlet.http.HttpServlet.service(HttpServlet.java:658)
	at org.apache.catalina.core.ApplicationFilterChain.internalDoFilter(ApplicationFilterChain.java:206)
	at org.apache.catalina.core.ApplicationFilterChain.doFilter(ApplicationFilterChain.java:150)
	at org.apache.tomcat.websocket.server.WsFilter.doFilter(WsFilter.java:51)
	at org.apache.catalina.core.ApplicationFilterChain.internalDoFilter(ApplicationFilterChain.java:175)
	at org.apache.catalina.core.ApplicationFilterChain.doFilter(ApplicationFilterChain.java:150)
	at org.springframework.web.filter.RequestContextFilter.doFilterInternal(RequestContextFilter.java:100)
	at org.springframework.web.filter.OncePerRequestFilter.doFilter(OncePerRequestFilter.java:116)
	at org.apache.catalina.core.ApplicationFilterChain.internalDoFilter(ApplicationFilterChain.java:175)
	at org.apache.catalina.core.ApplicationFilterChain.doFilter(ApplicationFilterChain.java:150)
	at org.springframework.web.filter.CompositeFilter$VirtualFilterChain.doFilter(CompositeFilter.java:108)
	at org.springframework.security.web.FilterChainProxy.lambda$doFilterInternal$3(FilterChainProxy.java:231)
	at org.springframework.security.web.ObservationFilterChainDecorator$FilterObservation$SimpleFilterObservation.lambda$wrap$1(ObservationFilterChainDecorator.java:479)
	at org.springframework.security.web.ObservationFilterChainDecorator$AroundFilterObservation$SimpleAroundFilterObservation.lambda$wrap$1(ObservationFilterChainDecorator.java:340)
	at org.springframework.security.web.ObservationFilterChainDecorator.lambda$wrapSecured$0(ObservationFilterChainDecorator.java:82)
	at org.springframework.security.web.ObservationFilterChainDecorator$VirtualFilterChain.doFilter(ObservationFilterChainDecorator.java:128)
	at org.springframework.security.web.access.intercept.AuthorizationFilter.doFilter(AuthorizationFilter.java:100)
	at org.springframework.security.web.ObservationFilterChainDecorator$ObservationFilter.wrapFilter(ObservationFilterChainDecorator.java:240)
	at org.springframework.security.web.ObservationFilterChainDecorator$ObservationFilter.doFilter(ObservationFilterChainDecorator.java:227)
	at org.springframework.security.web.ObservationFilterChainDecorator$VirtualFilterChain.doFilter(ObservationFilterChainDecorator.java:137)
	at org.springframework.security.web.access.ExceptionTranslationFilter.doFilter(ExceptionTranslationFilter.java:126)
	at org.springframework.security.web.access.ExceptionTranslationFilter.doFilter(ExceptionTranslationFilter.java:120)
	at org.springframework.security.web.ObservationFilterChainDecorator$ObservationFilter.wrapFilter(ObservationFilterChainDecorator.java:240)
	at org.springframework.security.web.ObservationFilterChainDecorator$ObservationFilter.doFilter(ObservationFilterChainDecorator.java:227)
	at org.springframework.security.web.ObservationFilterChainDecorator$VirtualFilterChain.doFilter(ObservationFilterChainDecorator.java:137)
	at org.springframework.security.web.authentication.AnonymousAuthenticationFilter.doFilter(AnonymousAuthenticationFilter.java:100)
	at org.springframework.security.web.ObservationFilterChainDecorator$ObservationFilter.wrapFilter(ObservationFilterChainDecorator.java:240)
	at org.springframework.security.web.ObservationFilterChainDecorator$ObservationFilter.doFilter(ObservationFilterChainDecorator.java:227)
	at org.springframework.security.web.ObservationFilterChainDecorator$VirtualFilterChain.doFilter(ObservationFilterChainDecorator.java:137)
	at org.springframework.security.web.servletapi.SecurityContextHolderAwareRequestFilter.doFilter(SecurityContextHolderAwareRequestFilter.java:179)
	at org.springframework.security.web.ObservationFilterChainDecorator$ObservationFilter.wrapFilter(ObservationFilterChainDecorator.java:240)
	at org.springframework.security.web.ObservationFilterChainDecorator$ObservationFilter.doFilter(ObservationFilterChainDecorator.java:227)
	at org.springframework.security.web.ObservationFilterChainDecorator$VirtualFilterChain.doFilter(ObservationFilterChainDecorator.java:137)
	at org.springframework.security.web.savedrequest.RequestCacheAwareFilter.doFilter(RequestCacheAwareFilter.java:63)
	at org.springframework.security.web.ObservationFilterChainDecorator$ObservationFilter.wrapFilter(ObservationFilterChainDecorator.java:240)
	at org.springframework.security.web.ObservationFilterChainDecorator$ObservationFilter.doFilter(ObservationFilterChainDecorator.java:227)
	at org.springframework.security.web.ObservationFilterChainDecorator$VirtualFilterChain.doFilter(ObservationFilterChainDecorator.java:137)
	at org.springframework.security.web.authentication.logout.LogoutFilter.doFilter(LogoutFilter.java:107)
	at org.springframework.security.web.authentication.logout.LogoutFilter.doFilter(LogoutFilter.java:93)
	at org.springframework.security.web.ObservationFilterChainDecorator$ObservationFilter.wrapFilter(ObservationFilterChainDecorator.java:240)
	at org.springframework.security.web.ObservationFilterChainDecorator$ObservationFilter.doFilter(ObservationFilterChainDecorator.java:227)
	at org.springframework.security.web.ObservationFilterChainDecorator$VirtualFilterChain.doFilter(ObservationFilterChainDecorator.java:137)
	at org.springframework.web.filter.CorsFilter.doFilterInternal(CorsFilter.java:91)
	at org.springframework.web.filter.OncePerRequestFilter.doFilter(OncePerRequestFilter.java:116)
	at org.springframework.security.web.ObservationFilterChainDecorator$ObservationFilter.wrapFilter(ObservationFilterChainDecorator.java:240)
	at org.springframework.security.web.ObservationFilterChainDecorator$ObservationFilter.doFilter(ObservationFilterChainDecorator.java:227)
	at org.springframework.security.web.ObservationFilterChainDecorator$VirtualFilterChain.doFilter(ObservationFilterChainDecorator.java:137)
	at org.springframework.security.web.header.HeaderWriterFilter.doHeadersAfter(HeaderWriterFilter.java:90)
	at org.springframework.security.web.header.HeaderWriterFilter.doFilterInternal(HeaderWriterFilter.java:75)
	at org.springframework.web.filter.OncePerRequestFilter.doFilter(OncePerRequestFilter.java:116)
	at org.springframework.security.web.ObservationFilterChainDecorator$ObservationFilter.wrapFilter(ObservationFilterChainDecorator.java:240)
	at org.springframework.security.web.ObservationFilterChainDecorator$ObservationFilter.doFilter(ObservationFilterChainDecorator.java:227)
	at org.springframework.security.web.ObservationFilterChainDecorator$VirtualFilterChain.doFilter(ObservationFilterChainDecorator.java:137)
	at org.springframework.security.web.context.SecurityContextHolderFilter.doFilter(SecurityContextHolderFilter.java:82)
	at org.springframework.security.web.context.SecurityContextHolderFilter.doFilter(SecurityContextHolderFilter.java:69)
	at org.springframework.security.web.ObservationFilterChainDecorator$ObservationFilter.wrapFilter(ObservationFilterChainDecorator.java:240)
	at org.springframework.security.web.ObservationFilterChainDecorator$ObservationFilter.doFilter(ObservationFilterChainDecorator.java:227)
	at org.springframework.security.web.ObservationFilterChainDecorator$VirtualFilterChain.doFilter(ObservationFilterChainDecorator.java:137)
	at org.springframework.security.web.context.request.async.WebAsyncManagerIntegrationFilter.doFilterInternal(WebAsyncManagerIntegrationFilter.java:62)
	at org.springframework.web.filter.OncePerRequestFilter.doFilter(OncePerRequestFilter.java:116)
	at org.springframework.security.web.ObservationFilterChainDecorator$ObservationFilter.wrapFilter(ObservationFilterChainDecorator.java:240)
	at org.springframework.security.web.ObservationFilterChainDecorator$ObservationFilter.doFilter(ObservationFilterChainDecorator.java:227)
	at org.springframework.security.web.ObservationFilterChainDecorator$VirtualFilterChain.doFilter(ObservationFilterChainDecorator.java:137)
	at org.springframework.security.web.session.DisableEncodeUrlFilter.doFilterInternal(DisableEncodeUrlFilter.java:42)
	at org.springframework.web.filter.OncePerRequestFilter.doFilter(OncePerRequestFilter.java:116)
	at org.springframework.security.web.ObservationFilterChainDecorator$ObservationFilter.wrapFilter(ObservationFilterChainDecorator.java:240)
	at org.springframework.security.web.ObservationFilterChainDecorator$AroundFilterObservation$SimpleAroundFilterObservation.lambda$wrap$0(ObservationFilterChainDecorator.java:323)
	at org.springframework.security.web.ObservationFilterChainDecorator$ObservationFilter.doFilter(ObservationFilterChainDecorator.java:224)
	at org.springframework.security.web.ObservationFilterChainDecorator$VirtualFilterChain.doFilter(ObservationFilterChainDecorator.java:137)
	at org.springframework.security.web.FilterChainProxy.doFilterInternal(FilterChainProxy.java:233)
	at org.springframework.security.web.FilterChainProxy.doFilter(FilterChainProxy.java:191)
	at org.springframework.web.filter.CompositeFilter$VirtualFilterChain.doFilter(CompositeFilter.java:113)
	at org.springframework.web.servlet.handler.HandlerMappingIntrospector.lambda$createCacheFilter$3(HandlerMappingIntrospector.java:195)
	at org.springframework.web.filter.CompositeFilter$VirtualFilterChain.doFilter(CompositeFilter.java:113)
	at org.springframework.web.filter.CompositeFilter.doFilter(CompositeFilter.java:74)
	at org.springframework.security.config.annotation.web.configuration.WebMvcSecurityConfiguration$CompositeFilterChainProxy.doFilter(WebMvcSecurityConfiguration.java:230)
	at org.springframework.web.filter.DelegatingFilterProxy.invokeDelegate(DelegatingFilterProxy.java:352)
	at org.springframework.web.filter.DelegatingFilterProxy.doFilter(DelegatingFilterProxy.java:268)
	at org.apache.catalina.core.ApplicationFilterChain.internalDoFilter(ApplicationFilterChain.java:175)
	at org.apache.catalina.core.ApplicationFilterChain.doFilter(ApplicationFilterChain.java:150)
	at org.springframework.web.filter.FormContentFilter.doFilterInternal(FormContentFilter.java:93)
	at org.springframework.web.filter.OncePerRequestFilter.doFilter(OncePerRequestFilter.java:116)
	at org.apache.catalina.core.ApplicationFilterChain.internalDoFilter(ApplicationFilterChain.java:175)
	at org.apache.catalina.core.ApplicationFilterChain.doFilter(ApplicationFilterChain.java:150)
	at org.springframework.web.filter.ServerHttpObservationFilter.doFilterInternal(ServerHttpObservationFilter.java:109)
	at org.springframework.web.filter.OncePerRequestFilter.doFilter(OncePerRequestFilter.java:116)
	at org.apache.catalina.core.ApplicationFilterChain.internalDoFilter(ApplicationFilterChain.java:175)
	at org.apache.catalina.core.ApplicationFilterChain.doFilter(ApplicationFilterChain.java:150)
	at org.springframework.web.filter.CharacterEncodingFilter.doFilterInternal(CharacterEncodingFilter.java:201)
	at org.springframework.web.filter.OncePerRequestFilter.doFilter(OncePerRequestFilter.java:116)
	at org.apache.catalina.core.ApplicationFilterChain.internalDoFilter(ApplicationFilterChain.java:175)
	at org.apache.catalina.core.ApplicationFilterChain.doFilter(ApplicationFilterChain.java:150)
	at org.apache.catalina.core.StandardWrapperValve.invoke(StandardWrapperValve.java:167)
	at org.apache.catalina.core.StandardContextValve.invoke(StandardContextValve.java:90)
	at org.apache.catalina.authenticator.AuthenticatorBase.invoke(AuthenticatorBase.java:482)
	at org.apache.catalina.core.StandardHostValve.invoke(StandardHostValve.java:115)
	at org.apache.catalina.valves.ErrorReportValve.invoke(ErrorReportValve.java:93)
	at org.apache.catalina.core.StandardEngineValve.invoke(StandardEngineValve.java:74)
	at org.apache.catalina.connector.CoyoteAdapter.service(CoyoteAdapter.java:344)
	at org.apache.coyote.http11.Http11Processor.service(Http11Processor.java:391)
	at org.apache.coyote.AbstractProcessorLight.process(AbstractProcessorLight.java:63)
	at org.apache.coyote.AbstractProtocol$ConnectionHandler.process(AbstractProtocol.java:896)
	at org.apache.tomcat.util.net.NioEndpoint$SocketProcessor.doRun(NioEndpoint.java:1736)
	at org.apache.tomcat.util.net.SocketProcessorBase.run(SocketProcessorBase.java:52)
	at org.apache.tomcat.util.threads.ThreadPoolExecutor.runWorker(ThreadPoolExecutor.java:1191)
	at org.apache.tomcat.util.threads.ThreadPoolExecutor$Worker.run(ThreadPoolExecutor.java:659)
	at org.apache.tomcat.util.threads.TaskThread$WrappingRunnable.run(TaskThread.java:63)
	at java.base/java.lang.Thread.run(Thread.java:1570)
01:16:16.538 [http-nio-8082-exec-1] WARN  o.s.w.s.m.m.a.ExceptionHandlerExceptionResolver - Resolved [org.springframework.web.servlet.resource.NoResourceFoundException: No static resource engine/deployment.]
01:16:17.746 [http-nio-8082-exec-6] ERROR org.camunda.bpm.engine.context - ENGINE-16004 Exception while closing command context: ENGINE-09005 Could not parse BPMN process. Errors: 
* ENGINE-12018 History Time To Live (TTL) cannot be null. TTL is necessary for the History Cleanup to work. The following options are possible:
* Set historyTimeToLive in the model
* Set a default historyTimeToLive as a global process engine configuration
* (Not recommended) Deactivate the enforceTTL config to disable this check: ENGINE-12018 History Time To Live (TTL) cannot be null. TTL is necessary for the History Cleanup to work. The following options are possible:
* Set historyTimeToLive in the model
* Set a default historyTimeToLive as a global process engine configuration
* (Not recommended) Deactivate the enforceTTL config to disable this check | resource test.bpmn | line 3 | column 58
org.camunda.bpm.engine.ParseException: ENGINE-09005 Could not parse BPMN process. Errors: 
* ENGINE-12018 History Time To Live (TTL) cannot be null. TTL is necessary for the History Cleanup to work. The following options are possible:
* Set historyTimeToLive in the model
* Set a default historyTimeToLive as a global process engine configuration
* (Not recommended) Deactivate the enforceTTL config to disable this check: ENGINE-12018 History Time To Live (TTL) cannot be null. TTL is necessary for the History Cleanup to work. The following options are possible:
* Set historyTimeToLive in the model
* Set a default historyTimeToLive as a global process engine configuration
* (Not recommended) Deactivate the enforceTTL config to disable this check | resource test.bpmn | line 3 | column 58
	at org.camunda.bpm.engine.impl.util.EngineUtilLogger.exceptionDuringParsing(EngineUtilLogger.java:66)
	at org.camunda.bpm.engine.impl.util.xml.Parse.throwExceptionForErrors(Parse.java:240)
	at org.camunda.bpm.engine.impl.bpmn.parser.BpmnParse.execute(BpmnParse.java:354)
	at org.camunda.bpm.engine.impl.bpmn.deployer.BpmnDeployer.transformDefinitions(BpmnDeployer.java:106)
	at org.camunda.bpm.engine.impl.AbstractDefinitionDeployer.transformResource(AbstractDefinitionDeployer.java:99)
	at org.camunda.bpm.engine.impl.AbstractDefinitionDeployer.parseDefinitionResources(AbstractDefinitionDeployer.java:74)
	at org.camunda.bpm.engine.impl.AbstractDefinitionDeployer.deploy(AbstractDefinitionDeployer.java:64)
	at org.camunda.bpm.engine.impl.persistence.deploy.cache.CacheDeployer$1.call(CacheDeployer.java:54)
	at org.camunda.bpm.engine.impl.persistence.deploy.cache.CacheDeployer$1.call(CacheDeployer.java:51)
	at org.camunda.bpm.engine.impl.interceptor.CommandContext.runWithoutAuthorization(CommandContext.java:554)
	at org.camunda.bpm.engine.impl.interceptor.CommandContext.runWithoutAuthorization(CommandContext.java:542)
	at org.camunda.bpm.engine.impl.persistence.deploy.cache.CacheDeployer.deploy(CacheDeployer.java:51)
	at org.camunda.bpm.engine.impl.persistence.deploy.cache.DeploymentCache.deploy(DeploymentCache.java:71)
	at org.camunda.bpm.engine.impl.persistence.entity.DeploymentManager.insertDeployment(DeploymentManager.java:64)
	at org.camunda.bpm.engine.impl.cmd.DeployCmd.deploy(DeployCmd.java:258)
	at org.camunda.bpm.engine.impl.cmd.DeployCmd.lambda$doExecute$0(DeployCmd.java:155)
	at org.camunda.bpm.engine.impl.interceptor.CommandContext.runWithoutAuthorization(CommandContext.java:554)
	at org.camunda.bpm.engine.impl.interceptor.CommandContext.runWithoutAuthorization(CommandContext.java:542)
	at org.camunda.bpm.engine.impl.cmd.DeployCmd.doExecute(DeployCmd.java:141)
	at org.camunda.bpm.engine.impl.cmd.DeployCmd.execute(DeployCmd.java:101)
	at org.camunda.bpm.engine.impl.cmd.DeployCmd.execute(DeployCmd.java:81)
	at org.camunda.bpm.engine.impl.interceptor.CommandExecutorImpl.execute(CommandExecutorImpl.java:28)
	at org.camunda.bpm.engine.impl.interceptor.CommandContextInterceptor.execute(CommandContextInterceptor.java:111)
	at org.camunda.bpm.engine.spring.SpringTransactionInterceptor.lambda$execute$0(SpringTransactionInterceptor.java:62)
	at org.springframework.transaction.support.TransactionTemplate.execute(TransactionTemplate.java:140)
	at org.camunda.bpm.engine.spring.SpringTransactionInterceptor.execute(SpringTransactionInterceptor.java:62)
	at org.camunda.bpm.engine.impl.interceptor.ProcessApplicationContextInterceptor.execute(ProcessApplicationContextInterceptor.java:70)
	at org.camunda.bpm.engine.impl.interceptor.CommandCounterInterceptor.execute(CommandCounterInterceptor.java:34)
	at org.camunda.bpm.engine.impl.interceptor.LogInterceptor.execute(LogInterceptor.java:33)
	at org.camunda.bpm.engine.impl.interceptor.ExceptionCodeInterceptor.execute(ExceptionCodeInterceptor.java:55)
	at org.camunda.bpm.engine.impl.RepositoryServiceImpl.deployWithResult(RepositoryServiceImpl.java:104)
	at org.camunda.bpm.engine.impl.repository.DeploymentBuilderImpl.deployWithResult(DeploymentBuilderImpl.java:270)
	at org.camunda.bpm.engine.rest.impl.DeploymentRestServiceImpl.createDeployment(DeploymentRestServiceImpl.java:98)
	at java.base/jdk.internal.reflect.DirectMethodHandleAccessor.invoke(DirectMethodHandleAccessor.java:103)
	at java.base/java.lang.reflect.Method.invoke(Method.java:580)
	at org.glassfish.jersey.server.model.internal.ResourceMethodInvocationHandlerFactory.lambda$static$0(ResourceMethodInvocationHandlerFactory.java:52)
	at org.glassfish.jersey.server.model.internal.AbstractJavaResourceMethodDispatcher$1.run(AbstractJavaResourceMethodDispatcher.java:146)
	at org.glassfish.jersey.server.model.internal.AbstractJavaResourceMethodDispatcher.invoke(AbstractJavaResourceMethodDispatcher.java:189)
	at org.glassfish.jersey.server.model.internal.JavaResourceMethodDispatcherProvider$TypeOutInvoker.doDispatch(JavaResourceMethodDispatcherProvider.java:219)
	at org.glassfish.jersey.server.model.internal.AbstractJavaResourceMethodDispatcher.dispatch(AbstractJavaResourceMethodDispatcher.java:93)
	at org.glassfish.jersey.server.model.ResourceMethodInvoker.invoke(ResourceMethodInvoker.java:478)
	at org.glassfish.jersey.server.model.ResourceMethodInvoker.apply(ResourceMethodInvoker.java:400)
	at org.glassfish.jersey.server.model.ResourceMethodInvoker.apply(ResourceMethodInvoker.java:81)
	at org.glassfish.jersey.server.ServerRuntime$1.run(ServerRuntime.java:263)
	at org.glassfish.jersey.internal.Errors$1.call(Errors.java:248)
	at org.glassfish.jersey.internal.Errors$1.call(Errors.java:244)
	at org.glassfish.jersey.internal.Errors.process(Errors.java:292)
	at org.glassfish.jersey.internal.Errors.process(Errors.java:274)
	at org.glassfish.jersey.internal.Errors.process(Errors.java:244)
	at org.glassfish.jersey.process.internal.RequestScope.runInScope(RequestScope.java:266)
	at org.glassfish.jersey.server.ServerRuntime.process(ServerRuntime.java:242)
	at org.glassfish.jersey.server.ApplicationHandler.handle(ApplicationHandler.java:697)
	at org.glassfish.jersey.servlet.WebComponent.serviceImpl(WebComponent.java:394)
	at org.glassfish.jersey.servlet.WebComponent.service(WebComponent.java:346)
	at org.glassfish.jersey.servlet.ServletContainer.service(ServletContainer.java:358)
	at org.glassfish.jersey.servlet.ServletContainer.service(ServletContainer.java:312)
	at org.glassfish.jersey.servlet.ServletContainer.service(ServletContainer.java:205)
	at org.apache.catalina.core.ApplicationFilterChain.internalDoFilter(ApplicationFilterChain.java:206)
	at org.apache.catalina.core.ApplicationFilterChain.doFilter(ApplicationFilterChain.java:150)
	at org.apache.tomcat.websocket.server.WsFilter.doFilter(WsFilter.java:51)
	at org.apache.catalina.core.ApplicationFilterChain.internalDoFilter(ApplicationFilterChain.java:175)
	at org.apache.catalina.core.ApplicationFilterChain.doFilter(ApplicationFilterChain.java:150)
	at org.camunda.bpm.engine.rest.filter.CacheControlFilter.doFilter(CacheControlFilter.java:45)
	at org.apache.catalina.core.ApplicationFilterChain.internalDoFilter(ApplicationFilterChain.java:175)
	at org.apache.catalina.core.ApplicationFilterChain.doFilter(ApplicationFilterChain.java:150)
	at org.camunda.bpm.engine.rest.filter.AbstractEmptyBodyFilter.doFilter(AbstractEmptyBodyFilter.java:58)
	at org.apache.catalina.core.ApplicationFilterChain.internalDoFilter(ApplicationFilterChain.java:175)
	at org.apache.catalina.core.ApplicationFilterChain.doFilter(ApplicationFilterChain.java:150)
	at org.springframework.web.filter.RequestContextFilter.doFilterInternal(RequestContextFilter.java:100)
	at org.springframework.web.filter.OncePerRequestFilter.doFilter(OncePerRequestFilter.java:116)
	at org.apache.catalina.core.ApplicationFilterChain.internalDoFilter(ApplicationFilterChain.java:175)
	at org.apache.catalina.core.ApplicationFilterChain.doFilter(ApplicationFilterChain.java:150)
	at org.springframework.web.filter.CompositeFilter$VirtualFilterChain.doFilter(CompositeFilter.java:108)
	at org.springframework.security.web.FilterChainProxy.lambda$doFilterInternal$3(FilterChainProxy.java:231)
	at org.springframework.security.web.ObservationFilterChainDecorator$FilterObservation$SimpleFilterObservation.lambda$wrap$1(ObservationFilterChainDecorator.java:479)
	at org.springframework.security.web.ObservationFilterChainDecorator$AroundFilterObservation$SimpleAroundFilterObservation.lambda$wrap$1(ObservationFilterChainDecorator.java:340)
	at org.springframework.security.web.ObservationFilterChainDecorator.lambda$wrapSecured$0(ObservationFilterChainDecorator.java:82)
	at org.springframework.security.web.ObservationFilterChainDecorator$VirtualFilterChain.doFilter(ObservationFilterChainDecorator.java:128)
	at org.springframework.security.web.access.intercept.AuthorizationFilter.doFilter(AuthorizationFilter.java:100)
	at org.springframework.security.web.ObservationFilterChainDecorator$ObservationFilter.wrapFilter(ObservationFilterChainDecorator.java:240)
	at org.springframework.security.web.ObservationFilterChainDecorator$ObservationFilter.doFilter(ObservationFilterChainDecorator.java:227)
	at org.springframework.security.web.ObservationFilterChainDecorator$VirtualFilterChain.doFilter(ObservationFilterChainDecorator.java:137)
	at org.springframework.security.web.access.ExceptionTranslationFilter.doFilter(ExceptionTranslationFilter.java:126)
	at org.springframework.security.web.access.ExceptionTranslationFilter.doFilter(ExceptionTranslationFilter.java:120)
	at org.springframework.security.web.ObservationFilterChainDecorator$ObservationFilter.wrapFilter(ObservationFilterChainDecorator.java:240)
	at org.springframework.security.web.ObservationFilterChainDecorator$ObservationFilter.doFilter(ObservationFilterChainDecorator.java:227)
	at org.springframework.security.web.ObservationFilterChainDecorator$VirtualFilterChain.doFilter(ObservationFilterChainDecorator.java:137)
	at org.springframework.security.web.authentication.AnonymousAuthenticationFilter.doFilter(AnonymousAuthenticationFilter.java:100)
	at org.springframework.security.web.ObservationFilterChainDecorator$ObservationFilter.wrapFilter(ObservationFilterChainDecorator.java:240)
	at org.springframework.security.web.ObservationFilterChainDecorator$ObservationFilter.doFilter(ObservationFilterChainDecorator.java:227)
	at org.springframework.security.web.ObservationFilterChainDecorator$VirtualFilterChain.doFilter(ObservationFilterChainDecorator.java:137)
	at org.springframework.security.web.servletapi.SecurityContextHolderAwareRequestFilter.doFilter(SecurityContextHolderAwareRequestFilter.java:179)
	at org.springframework.security.web.ObservationFilterChainDecorator$ObservationFilter.wrapFilter(ObservationFilterChainDecorator.java:240)
	at org.springframework.security.web.ObservationFilterChainDecorator$ObservationFilter.doFilter(ObservationFilterChainDecorator.java:227)
	at org.springframework.security.web.ObservationFilterChainDecorator$VirtualFilterChain.doFilter(ObservationFilterChainDecorator.java:137)
	at org.springframework.security.web.savedrequest.RequestCacheAwareFilter.doFilter(RequestCacheAwareFilter.java:63)
	at org.springframework.security.web.ObservationFilterChainDecorator$ObservationFilter.wrapFilter(ObservationFilterChainDecorator.java:240)
	at org.springframework.security.web.ObservationFilterChainDecorator$ObservationFilter.doFilter(ObservationFilterChainDecorator.java:227)
	at org.springframework.security.web.ObservationFilterChainDecorator$VirtualFilterChain.doFilter(ObservationFilterChainDecorator.java:137)
	at org.springframework.security.web.authentication.logout.LogoutFilter.doFilter(LogoutFilter.java:107)
	at org.springframework.security.web.authentication.logout.LogoutFilter.doFilter(LogoutFilter.java:93)
	at org.springframework.security.web.ObservationFilterChainDecorator$ObservationFilter.wrapFilter(ObservationFilterChainDecorator.java:240)
	at org.springframework.security.web.ObservationFilterChainDecorator$ObservationFilter.doFilter(ObservationFilterChainDecorator.java:227)
	at org.springframework.security.web.ObservationFilterChainDecorator$VirtualFilterChain.doFilter(ObservationFilterChainDecorator.java:137)
	at org.springframework.web.filter.CorsFilter.doFilterInternal(CorsFilter.java:91)
	at org.springframework.web.filter.OncePerRequestFilter.doFilter(OncePerRequestFilter.java:116)
	at org.springframework.security.web.ObservationFilterChainDecorator$ObservationFilter.wrapFilter(ObservationFilterChainDecorator.java:240)
	at org.springframework.security.web.ObservationFilterChainDecorator$ObservationFilter.doFilter(ObservationFilterChainDecorator.java:227)
	at org.springframework.security.web.ObservationFilterChainDecorator$VirtualFilterChain.doFilter(ObservationFilterChainDecorator.java:137)
	at org.springframework.security.web.header.HeaderWriterFilter.doHeadersAfter(HeaderWriterFilter.java:90)
	at org.springframework.security.web.header.HeaderWriterFilter.doFilterInternal(HeaderWriterFilter.java:75)
	at org.springframework.web.filter.OncePerRequestFilter.doFilter(OncePerRequestFilter.java:116)
	at org.springframework.security.web.ObservationFilterChainDecorator$ObservationFilter.wrapFilter(ObservationFilterChainDecorator.java:240)
	at org.springframework.security.web.ObservationFilterChainDecorator$ObservationFilter.doFilter(ObservationFilterChainDecorator.java:227)
	at org.springframework.security.web.ObservationFilterChainDecorator$VirtualFilterChain.doFilter(ObservationFilterChainDecorator.java:137)
	at org.springframework.security.web.context.SecurityContextHolderFilter.doFilter(SecurityContextHolderFilter.java:82)
	at org.springframework.security.web.context.SecurityContextHolderFilter.doFilter(SecurityContextHolderFilter.java:69)
	at org.springframework.security.web.ObservationFilterChainDecorator$ObservationFilter.wrapFilter(ObservationFilterChainDecorator.java:240)
	at org.springframework.security.web.ObservationFilterChainDecorator$ObservationFilter.doFilter(ObservationFilterChainDecorator.java:227)
	at org.springframework.security.web.ObservationFilterChainDecorator$VirtualFilterChain.doFilter(ObservationFilterChainDecorator.java:137)
	at org.springframework.security.web.context.request.async.WebAsyncManagerIntegrationFilter.doFilterInternal(WebAsyncManagerIntegrationFilter.java:62)
	at org.springframework.web.filter.OncePerRequestFilter.doFilter(OncePerRequestFilter.java:116)
	at org.springframework.security.web.ObservationFilterChainDecorator$ObservationFilter.wrapFilter(ObservationFilterChainDecorator.java:240)
	at org.springframework.security.web.ObservationFilterChainDecorator$ObservationFilter.doFilter(ObservationFilterChainDecorator.java:227)
	at org.springframework.security.web.ObservationFilterChainDecorator$VirtualFilterChain.doFilter(ObservationFilterChainDecorator.java:137)
	at org.springframework.security.web.session.DisableEncodeUrlFilter.doFilterInternal(DisableEncodeUrlFilter.java:42)
	at org.springframework.web.filter.OncePerRequestFilter.doFilter(OncePerRequestFilter.java:116)
	at org.springframework.security.web.ObservationFilterChainDecorator$ObservationFilter.wrapFilter(ObservationFilterChainDecorator.java:240)
	at org.springframework.security.web.ObservationFilterChainDecorator$AroundFilterObservation$SimpleAroundFilterObservation.lambda$wrap$0(ObservationFilterChainDecorator.java:323)
	at org.springframework.security.web.ObservationFilterChainDecorator$ObservationFilter.doFilter(ObservationFilterChainDecorator.java:224)
	at org.springframework.security.web.ObservationFilterChainDecorator$VirtualFilterChain.doFilter(ObservationFilterChainDecorator.java:137)
	at org.springframework.security.web.FilterChainProxy.doFilterInternal(FilterChainProxy.java:233)
	at org.springframework.security.web.FilterChainProxy.doFilter(FilterChainProxy.java:191)
	at org.springframework.web.filter.CompositeFilter$VirtualFilterChain.doFilter(CompositeFilter.java:113)
	at org.springframework.web.servlet.handler.HandlerMappingIntrospector.lambda$createCacheFilter$3(HandlerMappingIntrospector.java:195)
	at org.springframework.web.filter.CompositeFilter$VirtualFilterChain.doFilter(CompositeFilter.java:113)
	at org.springframework.web.filter.CompositeFilter.doFilter(CompositeFilter.java:74)
	at org.springframework.security.config.annotation.web.configuration.WebMvcSecurityConfiguration$CompositeFilterChainProxy.doFilter(WebMvcSecurityConfiguration.java:230)
	at org.springframework.web.filter.DelegatingFilterProxy.invokeDelegate(DelegatingFilterProxy.java:352)
	at org.springframework.web.filter.DelegatingFilterProxy.doFilter(DelegatingFilterProxy.java:268)
	at org.apache.catalina.core.ApplicationFilterChain.internalDoFilter(ApplicationFilterChain.java:175)
	at org.apache.catalina.core.ApplicationFilterChain.doFilter(ApplicationFilterChain.java:150)
	at org.springframework.web.filter.FormContentFilter.doFilterInternal(FormContentFilter.java:93)
	at org.springframework.web.filter.OncePerRequestFilter.doFilter(OncePerRequestFilter.java:116)
	at org.apache.catalina.core.ApplicationFilterChain.internalDoFilter(ApplicationFilterChain.java:175)
	at org.apache.catalina.core.ApplicationFilterChain.doFilter(ApplicationFilterChain.java:150)
	at org.springframework.web.filter.ServerHttpObservationFilter.doFilterInternal(ServerHttpObservationFilter.java:109)
	at org.springframework.web.filter.OncePerRequestFilter.doFilter(OncePerRequestFilter.java:116)
	at org.apache.catalina.core.ApplicationFilterChain.internalDoFilter(ApplicationFilterChain.java:175)
	at org.apache.catalina.core.ApplicationFilterChain.doFilter(ApplicationFilterChain.java:150)
	at org.springframework.web.filter.CharacterEncodingFilter.doFilterInternal(CharacterEncodingFilter.java:201)
	at org.springframework.web.filter.OncePerRequestFilter.doFilter(OncePerRequestFilter.java:116)
	at org.apache.catalina.core.ApplicationFilterChain.internalDoFilter(ApplicationFilterChain.java:175)
	at org.apache.catalina.core.ApplicationFilterChain.doFilter(ApplicationFilterChain.java:150)
	at org.apache.catalina.core.StandardWrapperValve.invoke(StandardWrapperValve.java:167)
	at org.apache.catalina.core.StandardContextValve.invoke(StandardContextValve.java:90)
	at org.apache.catalina.authenticator.AuthenticatorBase.invoke(AuthenticatorBase.java:482)
	at org.apache.catalina.core.StandardHostValve.invoke(StandardHostValve.java:115)
	at org.apache.catalina.valves.ErrorReportValve.invoke(ErrorReportValve.java:93)
	at org.apache.catalina.core.StandardEngineValve.invoke(StandardEngineValve.java:74)
	at org.apache.catalina.connector.CoyoteAdapter.service(CoyoteAdapter.java:344)
	at org.apache.coyote.http11.Http11Processor.service(Http11Processor.java:391)
	at org.apache.coyote.AbstractProcessorLight.process(AbstractProcessorLight.java:63)
	at org.apache.coyote.AbstractProtocol$ConnectionHandler.process(AbstractProtocol.java:896)
	at org.apache.tomcat.util.net.NioEndpoint$SocketProcessor.doRun(NioEndpoint.java:1736)
	at org.apache.tomcat.util.net.SocketProcessorBase.run(SocketProcessorBase.java:52)
	at org.apache.tomcat.util.threads.ThreadPoolExecutor.runWorker(ThreadPoolExecutor.java:1191)
	at org.apache.tomcat.util.threads.ThreadPoolExecutor$Worker.run(ThreadPoolExecutor.java:659)
	at org.apache.tomcat.util.threads.TaskThread$WrappingRunnable.run(TaskThread.java:63)
	at java.base/java.lang.Thread.run(Thread.java:1570)
01:26:05.031 [SpringApplicationShutdownHook] INFO  org.camunda.bpm.engine.jobexecutor - ENGINE-14015 Shutting down the JobExecutor[org.camunda.bpm.engine.spring.components.jobexecutor.SpringJobExecutor]
01:26:05.032 [JobExecutor[org.camunda.bpm.engine.spring.components.jobexecutor.SpringJobExecutor]] INFO  org.camunda.bpm.engine.jobexecutor - ENGINE-14020 JobExecutor[org.camunda.bpm.engine.spring.components.jobexecutor.SpringJobExecutor] stopped job acquisition
01:26:05.032 [SpringApplicationShutdownHook] INFO  org.camunda.bpm.engine - ENGINE-00007 Process Engine default closed
01:26:05.032 [SpringApplicationShutdownHook] INFO  o.s.j.d.e.EmbeddedDatabaseFactory - Shutting down embedded database: url='jdbc:h2:mem:0141ae0a-af4f-42e3-b22b-0634a567ea7a;DB_CLOSE_DELAY=-1;DB_CLOSE_ON_EXIT=false'
01:26:38.132 [background-preinit] INFO  o.h.validator.internal.util.Version - HV000001: Hibernate Validator 8.0.1.Final
01:26:38.178 [restartedMain] INFO  org.unicam.intermediate.Application - Starting Application using Java 22.0.2 with PID 30592 (C:\Users\nabil\Desktop\new-folder\UNICAM\Tesi\eabpmn-monorepo\camnuda-bpmn-engine\target\classes started by nabil in C:\Users\nabil\Desktop\new-folder\UNICAM\Tesi\eabpmn-monorepo\camnuda-bpmn-engine)
01:26:38.180 [restartedMain] INFO  org.unicam.intermediate.Application - No active profile set, falling back to 1 default profile: "default"
01:26:38.221 [restartedMain] INFO  o.s.b.d.restart.ChangeableUrls - The Class-Path manifest attribute in C:\Users\nabil\.m2\repository\com\sun\xml\bind\jaxb-impl\4.0.5\jaxb-impl-4.0.5.jar referenced one or more files that do not exist: file:/C:/Users/nabil/.m2/repository/com/sun/xml/bind/jaxb-impl/4.0.5/jaxb-core.jar,file:/C:/Users/nabil/.m2/repository/com/sun/xml/bind/jaxb-impl/4.0.5/angus-activation.jar
01:26:38.221 [restartedMain] INFO  o.s.b.d.restart.ChangeableUrls - The Class-Path manifest attribute in C:\Users\nabil\.m2\repository\com\sun\xml\bind\jaxb-core\4.0.5\jaxb-core-4.0.5.jar referenced one or more files that do not exist: file:/C:/Users/nabil/.m2/repository/com/sun/xml/bind/jaxb-core/4.0.5/jakarta.activation-api.jar,file:/C:/Users/nabil/.m2/repository/com/sun/xml/bind/jaxb-core/4.0.5/jakarta.xml.bind-api.jar
01:26:38.221 [restartedMain] INFO  o.s.b.d.restart.ChangeableUrls - The Class-Path manifest attribute in C:\Users\nabil\.m2\repository\org\glassfish\hk2\hk2\3.0.6\hk2-3.0.6.jar referenced one or more files that do not exist: file:/C:/Users/nabil/.m2/repository/org/glassfish/hk2/hk2/3.0.6/hk2-utils.jar,file:/C:/Users/nabil/.m2/repository/org/glassfish/hk2/hk2/3.0.6/jakarta.annotation-api.jar,file:/C:/Users/nabil/.m2/repository/org/glassfish/hk2/hk2/3.0.6/jakarta.inject-api.jar,file:/C:/Users/nabil/.m2/repository/org/glassfish/hk2/hk2/3.0.6/hk2-api.jar,file:/C:/Users/nabil/.m2/repository/org/glassfish/hk2/hk2/3.0.6/aopalliance-repackaged.jar,file:/C:/Users/nabil/.m2/repository/org/glassfish/hk2/hk2/3.0.6/hk2-core.jar,file:/C:/Users/nabil/.m2/repository/org/glassfish/hk2/hk2/3.0.6/hk2-locator.jar,file:/C:/Users/nabil/.m2/repository/org/glassfish/hk2/hk2/3.0.6/javassist.jar,file:/C:/Users/nabil/.m2/repository/org/glassfish/hk2/hk2/3.0.6/hk2-runlevel.jar,file:/C:/Users/nabil/.m2/repository/org/glassfish/hk2/hk2/3.0.6/class-model.jar,file:/C:/Users/nabil/.m2/repository/org/glassfish/hk2/hk2/3.0.6/asm.jar,file:/C:/Users/nabil/.m2/repository/org/glassfish/hk2/hk2/3.0.6/asm-analysis.jar,file:/C:/Users/nabil/.m2/repository/org/glassfish/hk2/hk2/3.0.6/asm-commons.jar,file:/C:/Users/nabil/.m2/repository/org/glassfish/hk2/hk2/3.0.6/asm-tree.jar,file:/C:/Users/nabil/.m2/repository/org/glassfish/hk2/hk2/3.0.6/asm-util.jar
01:26:38.221 [restartedMain] INFO  o.s.b.d.e.DevToolsPropertyDefaultsPostProcessor - Devtools property defaults active! Set 'spring.devtools.add-properties' to 'false' to disable
01:26:38.221 [restartedMain] INFO  o.s.b.d.e.DevToolsPropertyDefaultsPostProcessor - For additional web related logging consider setting the 'logging.level.web' property to 'DEBUG'
01:26:39.369 [restartedMain] INFO  o.s.b.w.e.tomcat.TomcatWebServer - Tomcat initialized with port 8082 (http)
01:26:39.383 [restartedMain] INFO  o.a.coyote.http11.Http11NioProtocol - Initializing ProtocolHandler ["http-nio-8082"]
01:26:39.384 [restartedMain] INFO  o.a.catalina.core.StandardService - Starting service [Tomcat]
01:26:39.385 [restartedMain] INFO  o.a.catalina.core.StandardEngine - Starting Servlet engine: [Apache Tomcat/10.1.20]
01:26:39.426 [restartedMain] INFO  o.a.c.c.C.[Tomcat].[localhost].[/] - Initializing Spring embedded WebApplicationContext
01:26:39.426 [restartedMain] INFO  o.s.b.w.s.c.ServletWebServerApplicationContext - Root WebApplicationContext: initialization completed in 1202 ms
01:26:39.444 [restartedMain] INFO  o.c.b.s.b.s.r.CamundaJerseyResourceConfig - Configuring camunda rest api.
01:26:39.455 [restartedMain] INFO  o.c.b.s.b.s.r.CamundaJerseyResourceConfig - Finished configuring camunda rest api.
01:26:39.587 [restartedMain] INFO  o.s.j.d.e.EmbeddedDatabaseFactory - Starting embedded database: url='jdbc:h2:mem:c1714a27-9b79-43f3-8a02-32e6fb6b39e6;DB_CLOSE_DELAY=-1;DB_CLOSE_ON_EXIT=false', username='sa'
01:26:39.709 [restartedMain] INFO  o.s.b.a.h.H2ConsoleAutoConfiguration - H2 console available at '/h2-console'. Database available at 'jdbc:h2:mem:c1714a27-9b79-43f3-8a02-32e6fb6b39e6'
01:26:39.852 [restartedMain] INFO  org.camunda.bpm.spring.boot - STARTER-SB040 Setting up jobExecutor with corePoolSize=3, maxPoolSize:10
01:26:39.895 [restartedMain] INFO  org.camunda.bpm.engine.cfg - ENGINE-12003 Plugin 'CompositeProcessEnginePlugin[genericPropertiesConfiguration, camundaConfig, camundaProcessEngineConfiguration, camundaDatasourceConfiguration, camundaJobConfiguration, camundaHistoryConfiguration, camundaMetricsConfiguration, camundaAuthorizationConfiguration, camundaDeploymentConfiguration, createAdminUserConfiguration, failedJobConfiguration, , eventPublisherPlugin, ApplicationContextClassloaderSwitchPlugin]' activated on process engine 'default'
01:26:40.524 [restartedMain] INFO  org.camunda.bpm.spring.boot - STARTER-SB021 Auto-Deploying resources: []
01:26:40.526 [restartedMain] INFO  o.u.i.config.CamundaConfig - [CamundaConfig] Registered parse listeners
01:26:40.526 [restartedMain] INFO  o.c.b.s.b.s.e.EventPublisherPlugin - EVENTING-001: Initialized Camunda Spring Boot Eventing Engine Plugin.
01:26:40.526 [restartedMain] INFO  o.c.b.s.b.s.e.EventPublisherPlugin - EVENTING-003: Task events will be published as Spring Events.
01:26:40.527 [restartedMain] INFO  o.c.b.s.b.s.e.EventPublisherPlugin - EVENTING-005: Execution events will be published as Spring Events.
01:26:40.527 [restartedMain] INFO  o.c.b.s.b.s.e.EventPublisherPlugin - EVENTING-009: Listeners will not be invoked if a skipCustomListeners API parameter is set to true by user.
01:26:40.529 [restartedMain] INFO  o.c.b.s.b.s.e.EventPublisherPlugin - EVENTING-007: History events will be published as Spring events.
01:26:41.986 [restartedMain] INFO  org.camunda.bpm.engine.persistence - ENGINE-03016 Performing database operation 'create' on component 'engine' with resource 'org/camunda/bpm/engine/db/create/activiti.h2.create.engine.sql'
01:26:42.002 [restartedMain] INFO  org.camunda.bpm.engine.persistence - ENGINE-03016 Performing database operation 'create' on component 'history' with resource 'org/camunda/bpm/engine/db/create/activiti.h2.create.history.sql'
01:26:42.010 [restartedMain] INFO  org.camunda.bpm.engine.persistence - ENGINE-03016 Performing database operation 'create' on component 'identity' with resource 'org/camunda/bpm/engine/db/create/activiti.h2.create.identity.sql'
01:26:42.017 [restartedMain] INFO  org.camunda.bpm.engine.persistence - ENGINE-03016 Performing database operation 'create' on component 'case.engine' with resource 'org/camunda/bpm/engine/db/create/activiti.h2.create.case.engine.sql'
01:26:42.019 [restartedMain] INFO  org.camunda.bpm.engine.persistence - ENGINE-03016 Performing database operation 'create' on component 'case.history' with resource 'org/camunda/bpm/engine/db/create/activiti.h2.create.case.history.sql'
01:26:42.022 [restartedMain] INFO  org.camunda.bpm.engine.persistence - ENGINE-03016 Performing database operation 'create' on component 'decision.engine' with resource 'org/camunda/bpm/engine/db/create/activiti.h2.create.decision.engine.sql'
01:26:42.024 [restartedMain] INFO  org.camunda.bpm.engine.persistence - ENGINE-03016 Performing database operation 'create' on component 'decision.history' with resource 'org/camunda/bpm/engine/db/create/activiti.h2.create.decision.history.sql'
01:26:42.045 [restartedMain] INFO  org.camunda.bpm.engine.persistence - ENGINE-03067 No history level property found in database
01:26:42.048 [restartedMain] INFO  org.camunda.bpm.engine.persistence - ENGINE-03065 Creating historyLevel property in database for level: HistoryLevelFull(name=full, id=3)
01:26:42.062 [restartedMain] INFO  org.camunda.bpm.engine - ENGINE-00001 Process Engine default created.
01:26:42.171 [restartedMain] WARN  o.u.i.s.e.EnvironmentDataService - [EnvironmentService] No environment.json found in any deployment, initialized with empty data
01:26:42.206 [restartedMain] INFO  o.u.i.service.TaskTypeRegistry - [TaskTypeRegistry] Initialized with 3 task types
01:26:42.276 [restartedMain] WARN  o.s.b.a.s.s.UserDetailsServiceAutoConfiguration - 

Using generated security password: f9a53df7-a9f9-47d0-81fc-9c62190a1795

This generated password is for development use only. Your security configuration must be updated before running your application in production.

01:26:42.487 [restartedMain] INFO  o.s.b.a.e.web.EndpointLinksResolver - Exposing 1 endpoint(s) beneath base path '/actuator'
01:26:42.536 [restartedMain] INFO  o.s.s.web.DefaultSecurityFilterChain - Will secure any request with [org.springframework.security.web.session.DisableEncodeUrlFilter@66b489b8, org.springframework.security.web.context.request.async.WebAsyncManagerIntegrationFilter@18164560, org.springframework.security.web.context.SecurityContextHolderFilter@3bbc998c, org.springframework.security.web.header.HeaderWriterFilter@11e360fc, org.springframework.web.filter.CorsFilter@20af262a, org.springframework.security.web.authentication.logout.LogoutFilter@69fa62f1, org.springframework.security.web.savedrequest.RequestCacheAwareFilter@7aa21e74, org.springframework.security.web.servletapi.SecurityContextHolderAwareRequestFilter@6a8557d2, org.springframework.security.web.authentication.AnonymousAuthenticationFilter@1440ea7c, org.springframework.security.web.access.ExceptionTranslationFilter@26930421, org.springframework.security.web.access.intercept.AuthorizationFilter@1abc8c12]
01:26:42.638 [restartedMain] INFO  o.c.b.s.b.s.w.f.LazyInitRegistration - lazy initialized org.camunda.bpm.spring.boot.starter.webapp.filter.LazyProcessEnginesFilter@14016b91
01:26:42.675 [restartedMain] INFO  o.c.b.s.b.s.w.f.LazyInitRegistration - lazy initialized org.camunda.bpm.spring.boot.starter.webapp.filter.LazySecurityFilter@6dfeb3a6
01:26:42.743 [restartedMain] INFO  o.s.b.d.a.OptionalLiveReloadServer - LiveReload server is running on port 35729
01:26:42.785 [restartedMain] INFO  o.a.coyote.http11.Http11NioProtocol - Starting ProtocolHandler ["http-nio-8082"]
01:26:42.798 [restartedMain] INFO  o.s.b.w.e.tomcat.TomcatWebServer - Tomcat started on port 8082 (http) with context path ''
01:26:42.810 [restartedMain] INFO  org.unicam.intermediate.Application - Started Application in 4.887 seconds (process running for 5.377)
01:26:42.862 [restartedMain] INFO  o.u.i.config.EnvironmentInitializer - [EnvironmentInitializer] Initializing Environment on startup
01:26:42.865 [restartedMain] WARN  o.u.i.s.e.EnvironmentDataService - [EnvironmentService] No environment.json found in any deployment, initialized with empty data
01:26:42.866 [restartedMain] WARN  o.u.i.config.EnvironmentInitializer - [EnvironmentInitializer] Environment is empty - deploy a process with environment.json
01:26:42.866 [restartedMain] INFO  o.u.i.config.UserInitializer - [UserInitializer] Starting user and group initialization...
01:26:42.869 [restartedMain] INFO  o.u.i.config.UserInitializer - [UserInitializer] Created NEW group: students
01:26:42.872 [restartedMain] INFO  o.u.i.config.UserInitializer - [UserInitializer] Created NEW group: tutors
01:26:42.872 [restartedMain] INFO  o.u.i.config.UserInitializer - [UserInitializer] Created NEW user: nkhelifa (Nabil Khelifa)
01:26:42.879 [restartedMain] INFO  o.u.i.config.UserInitializer - [UserInitializer] Added nkhelifa to students group
01:26:42.881 [restartedMain] INFO  o.u.i.config.UserInitializer - [UserInitializer] Created NEW user: lmozzoni (Luca Mozzoni)
01:26:42.885 [restartedMain] INFO  o.u.i.config.UserInitializer - [UserInitializer] Added lmozzoni to tutors group
01:26:42.888 [restartedMain] INFO  o.u.i.config.UserInitializer - [UserInitializer] Created NEW group: admins
01:26:42.892 [restartedMain] INFO  o.u.i.config.UserInitializer - [UserInitializer] Added user 'a' to admins group
01:26:42.895 [restartedMain] INFO  o.u.i.config.UserInitializer - [UserInitializer] ========================================
01:26:42.895 [restartedMain] INFO  o.u.i.config.UserInitializer - [UserInitializer] Initialization completed successfully!
01:26:42.895 [restartedMain] INFO  o.u.i.config.UserInitializer - [UserInitializer] ========================================
01:26:42.897 [restartedMain] INFO  o.u.i.config.UserInitializer - [UserInitializer] Current users count: 3
01:26:42.898 [restartedMain] INFO  o.u.i.config.UserInitializer - [UserInitializer] Current groups count: 4
01:26:42.899 [restartedMain] INFO  o.u.i.config.UserInitializer - [UserInitializer] 
01:26:42.899 [restartedMain] INFO  o.u.i.config.UserInitializer - [UserInitializer] Camunda Cockpit: http://localhost:8082/camunda
01:26:42.899 [restartedMain] INFO  o.u.i.config.UserInitializer - [UserInitializer] 
01:26:42.899 [restartedMain] INFO  o.u.i.config.UserInitializer - [UserInitializer] Login credentials:
01:26:42.899 [restartedMain] INFO  o.u.i.config.UserInitializer - [UserInitializer]   Admin    : a / a
01:26:42.899 [restartedMain] INFO  o.u.i.config.UserInitializer - [UserInitializer]   Student  : nkhelifa / a
01:26:42.899 [restartedMain] INFO  o.u.i.config.UserInitializer - [UserInitializer]   Tutor    : lmozzoni / a
01:26:42.899 [restartedMain] INFO  o.u.i.config.UserInitializer - [UserInitializer] ========================================
01:26:42.899 [restartedMain] INFO  o.u.i.config.UserInitializer - [UserInitializer] All users in system:
01:26:42.904 [restartedMain] INFO  o.u.i.config.UserInitializer - [UserInitializer]   - a (Andrea A) - Groups: [admins, camunda-admin]
01:26:42.906 [restartedMain] INFO  o.u.i.config.UserInitializer - [UserInitializer]   - lmozzoni (Luca Mozzoni) - Groups: [admins, tutors]
01:26:42.906 [restartedMain] INFO  o.u.i.config.UserInitializer - [UserInitializer]   - nkhelifa (Nabil Khelifa) - Groups: [admins, students]
01:26:42.908 [restartedMain] INFO  o.u.i.config.MessageFlowRegistrar - [MessageFlowRegistrar] Application ready - registering message flows for all deployed processes
01:26:42.918 [restartedMain] INFO  org.camunda.bpm.engine.jobexecutor - ENGINE-14014 Starting up the JobExecutor[org.camunda.bpm.engine.spring.components.jobexecutor.SpringJobExecutor].
01:26:42.920 [JobExecutor[org.camunda.bpm.engine.spring.components.jobexecutor.SpringJobExecutor]] INFO  org.camunda.bpm.engine.jobexecutor - ENGINE-14018 JobExecutor[org.camunda.bpm.engine.spring.components.jobexecutor.SpringJobExecutor] starting to acquire jobs
01:27:17.157 [SpringApplicationShutdownHook] INFO  org.camunda.bpm.engine.jobexecutor - ENGINE-14015 Shutting down the JobExecutor[org.camunda.bpm.engine.spring.components.jobexecutor.SpringJobExecutor]
01:27:17.157 [JobExecutor[org.camunda.bpm.engine.spring.components.jobexecutor.SpringJobExecutor]] INFO  org.camunda.bpm.engine.jobexecutor - ENGINE-14020 JobExecutor[org.camunda.bpm.engine.spring.components.jobexecutor.SpringJobExecutor] stopped job acquisition
01:27:17.158 [SpringApplicationShutdownHook] INFO  org.camunda.bpm.engine - ENGINE-00007 Process Engine default closed
01:27:17.158 [SpringApplicationShutdownHook] INFO  o.s.j.d.e.EmbeddedDatabaseFactory - Shutting down embedded database: url='jdbc:h2:mem:c1714a27-9b79-43f3-8a02-32e6fb6b39e6;DB_CLOSE_DELAY=-1;DB_CLOSE_ON_EXIT=false'
01:27:34.071 [background-preinit] INFO  o.h.validator.internal.util.Version - HV000001: Hibernate Validator 8.0.1.Final
01:27:34.103 [restartedMain] INFO  org.unicam.intermediate.Application - Starting Application using Java 22.0.2 with PID 15200 (C:\Users\nabil\Desktop\new-folder\UNICAM\Tesi\eabpmn-monorepo\camnuda-bpmn-engine\target\classes started by nabil in C:\Users\nabil\Desktop\new-folder\UNICAM\Tesi\eabpmn-monorepo\camnuda-bpmn-engine)
01:27:34.103 [restartedMain] INFO  org.unicam.intermediate.Application - No active profile set, falling back to 1 default profile: "default"
01:27:34.144 [restartedMain] INFO  o.s.b.d.restart.ChangeableUrls - The Class-Path manifest attribute in C:\Users\nabil\.m2\repository\com\sun\xml\bind\jaxb-impl\4.0.5\jaxb-impl-4.0.5.jar referenced one or more files that do not exist: file:/C:/Users/nabil/.m2/repository/com/sun/xml/bind/jaxb-impl/4.0.5/jaxb-core.jar,file:/C:/Users/nabil/.m2/repository/com/sun/xml/bind/jaxb-impl/4.0.5/angus-activation.jar
01:27:34.144 [restartedMain] INFO  o.s.b.d.restart.ChangeableUrls - The Class-Path manifest attribute in C:\Users\nabil\.m2\repository\com\sun\xml\bind\jaxb-core\4.0.5\jaxb-core-4.0.5.jar referenced one or more files that do not exist: file:/C:/Users/nabil/.m2/repository/com/sun/xml/bind/jaxb-core/4.0.5/jakarta.activation-api.jar,file:/C:/Users/nabil/.m2/repository/com/sun/xml/bind/jaxb-core/4.0.5/jakarta.xml.bind-api.jar
01:27:34.146 [restartedMain] INFO  o.s.b.d.restart.ChangeableUrls - The Class-Path manifest attribute in C:\Users\nabil\.m2\repository\org\glassfish\hk2\hk2\3.0.6\hk2-3.0.6.jar referenced one or more files that do not exist: file:/C:/Users/nabil/.m2/repository/org/glassfish/hk2/hk2/3.0.6/hk2-utils.jar,file:/C:/Users/nabil/.m2/repository/org/glassfish/hk2/hk2/3.0.6/jakarta.annotation-api.jar,file:/C:/Users/nabil/.m2/repository/org/glassfish/hk2/hk2/3.0.6/jakarta.inject-api.jar,file:/C:/Users/nabil/.m2/repository/org/glassfish/hk2/hk2/3.0.6/hk2-api.jar,file:/C:/Users/nabil/.m2/repository/org/glassfish/hk2/hk2/3.0.6/aopalliance-repackaged.jar,file:/C:/Users/nabil/.m2/repository/org/glassfish/hk2/hk2/3.0.6/hk2-core.jar,file:/C:/Users/nabil/.m2/repository/org/glassfish/hk2/hk2/3.0.6/hk2-locator.jar,file:/C:/Users/nabil/.m2/repository/org/glassfish/hk2/hk2/3.0.6/javassist.jar,file:/C:/Users/nabil/.m2/repository/org/glassfish/hk2/hk2/3.0.6/hk2-runlevel.jar,file:/C:/Users/nabil/.m2/repository/org/glassfish/hk2/hk2/3.0.6/class-model.jar,file:/C:/Users/nabil/.m2/repository/org/glassfish/hk2/hk2/3.0.6/asm.jar,file:/C:/Users/nabil/.m2/repository/org/glassfish/hk2/hk2/3.0.6/asm-analysis.jar,file:/C:/Users/nabil/.m2/repository/org/glassfish/hk2/hk2/3.0.6/asm-commons.jar,file:/C:/Users/nabil/.m2/repository/org/glassfish/hk2/hk2/3.0.6/asm-tree.jar,file:/C:/Users/nabil/.m2/repository/org/glassfish/hk2/hk2/3.0.6/asm-util.jar
01:27:34.146 [restartedMain] INFO  o.s.b.d.e.DevToolsPropertyDefaultsPostProcessor - Devtools property defaults active! Set 'spring.devtools.add-properties' to 'false' to disable
01:27:34.146 [restartedMain] INFO  o.s.b.d.e.DevToolsPropertyDefaultsPostProcessor - For additional web related logging consider setting the 'logging.level.web' property to 'DEBUG'
01:27:35.244 [restartedMain] INFO  o.s.b.w.e.tomcat.TomcatWebServer - Tomcat initialized with port 8082 (http)
01:27:35.244 [restartedMain] INFO  o.a.coyote.http11.Http11NioProtocol - Initializing ProtocolHandler ["http-nio-8082"]
01:27:35.254 [restartedMain] INFO  o.a.catalina.core.StandardService - Starting service [Tomcat]
01:27:35.255 [restartedMain] INFO  o.a.catalina.core.StandardEngine - Starting Servlet engine: [Apache Tomcat/10.1.20]
01:27:35.290 [restartedMain] INFO  o.a.c.c.C.[Tomcat].[localhost].[/] - Initializing Spring embedded WebApplicationContext
01:27:35.290 [restartedMain] INFO  o.s.b.w.s.c.ServletWebServerApplicationContext - Root WebApplicationContext: initialization completed in 1144 ms
01:27:35.312 [restartedMain] INFO  o.c.b.s.b.s.r.CamundaJerseyResourceConfig - Configuring camunda rest api.
01:27:35.319 [restartedMain] INFO  o.c.b.s.b.s.r.CamundaJerseyResourceConfig - Finished configuring camunda rest api.
01:27:35.444 [restartedMain] INFO  o.s.j.d.e.EmbeddedDatabaseFactory - Starting embedded database: url='jdbc:h2:mem:2025c624-7611-4660-a415-041ff51d9136;DB_CLOSE_DELAY=-1;DB_CLOSE_ON_EXIT=false', username='sa'
01:27:35.581 [restartedMain] INFO  o.s.b.a.h.H2ConsoleAutoConfiguration - H2 console available at '/h2-console'. Database available at 'jdbc:h2:mem:2025c624-7611-4660-a415-041ff51d9136'
01:27:35.704 [restartedMain] INFO  org.camunda.bpm.spring.boot - STARTER-SB040 Setting up jobExecutor with corePoolSize=3, maxPoolSize:10
01:27:35.755 [restartedMain] INFO  org.camunda.bpm.engine.cfg - ENGINE-12003 Plugin 'CompositeProcessEnginePlugin[genericPropertiesConfiguration, camundaConfig, camundaProcessEngineConfiguration, camundaDatasourceConfiguration, camundaJobConfiguration, camundaHistoryConfiguration, camundaMetricsConfiguration, camundaAuthorizationConfiguration, camundaDeploymentConfiguration, createAdminUserConfiguration, failedJobConfiguration, , eventPublisherPlugin, ApplicationContextClassloaderSwitchPlugin]' activated on process engine 'default'
01:27:36.403 [restartedMain] INFO  org.camunda.bpm.spring.boot - STARTER-SB021 Auto-Deploying resources: []
01:27:36.403 [restartedMain] INFO  o.u.i.config.CamundaConfig - [CamundaConfig] Registered parse listeners
01:27:36.403 [restartedMain] INFO  o.c.b.s.b.s.e.EventPublisherPlugin - EVENTING-001: Initialized Camunda Spring Boot Eventing Engine Plugin.
01:27:36.403 [restartedMain] INFO  o.c.b.s.b.s.e.EventPublisherPlugin - EVENTING-003: Task events will be published as Spring Events.
01:27:36.409 [restartedMain] INFO  o.c.b.s.b.s.e.EventPublisherPlugin - EVENTING-005: Execution events will be published as Spring Events.
01:27:36.409 [restartedMain] INFO  o.c.b.s.b.s.e.EventPublisherPlugin - EVENTING-009: Listeners will not be invoked if a skipCustomListeners API parameter is set to true by user.
01:27:36.409 [restartedMain] INFO  o.c.b.s.b.s.e.EventPublisherPlugin - EVENTING-007: History events will be published as Spring events.
01:27:37.912 [restartedMain] INFO  org.camunda.bpm.engine.persistence - ENGINE-03016 Performing database operation 'create' on component 'engine' with resource 'org/camunda/bpm/engine/db/create/activiti.h2.create.engine.sql'
01:27:37.931 [restartedMain] INFO  org.camunda.bpm.engine.persistence - ENGINE-03016 Performing database operation 'create' on component 'history' with resource 'org/camunda/bpm/engine/db/create/activiti.h2.create.history.sql'
01:27:37.939 [restartedMain] INFO  org.camunda.bpm.engine.persistence - ENGINE-03016 Performing database operation 'create' on component 'identity' with resource 'org/camunda/bpm/engine/db/create/activiti.h2.create.identity.sql'
01:27:37.943 [restartedMain] INFO  org.camunda.bpm.engine.persistence - ENGINE-03016 Performing database operation 'create' on component 'case.engine' with resource 'org/camunda/bpm/engine/db/create/activiti.h2.create.case.engine.sql'
01:27:37.946 [restartedMain] INFO  org.camunda.bpm.engine.persistence - ENGINE-03016 Performing database operation 'create' on component 'case.history' with resource 'org/camunda/bpm/engine/db/create/activiti.h2.create.case.history.sql'
01:27:37.950 [restartedMain] INFO  org.camunda.bpm.engine.persistence - ENGINE-03016 Performing database operation 'create' on component 'decision.engine' with resource 'org/camunda/bpm/engine/db/create/activiti.h2.create.decision.engine.sql'
01:27:37.952 [restartedMain] INFO  org.camunda.bpm.engine.persistence - ENGINE-03016 Performing database operation 'create' on component 'decision.history' with resource 'org/camunda/bpm/engine/db/create/activiti.h2.create.decision.history.sql'
01:27:37.974 [restartedMain] INFO  org.camunda.bpm.engine.persistence - ENGINE-03067 No history level property found in database
01:27:37.977 [restartedMain] INFO  org.camunda.bpm.engine.persistence - ENGINE-03065 Creating historyLevel property in database for level: HistoryLevelFull(name=full, id=3)
01:27:37.990 [restartedMain] INFO  org.camunda.bpm.engine - ENGINE-00001 Process Engine default created.
01:27:38.091 [restartedMain] WARN  o.u.i.s.e.EnvironmentDataService - [EnvironmentService] No environment.json found in any deployment, initialized with empty data
01:27:38.129 [restartedMain] INFO  o.u.i.service.TaskTypeRegistry - [TaskTypeRegistry] Initialized with 3 task types
01:27:38.199 [restartedMain] WARN  o.s.b.a.s.s.UserDetailsServiceAutoConfiguration - 

Using generated security password: 8fd11a4f-9a97-4274-b4d4-6ac8ebba9885

This generated password is for development use only. Your security configuration must be updated before running your application in production.

01:27:38.424 [restartedMain] INFO  o.s.b.a.e.web.EndpointLinksResolver - Exposing 1 endpoint(s) beneath base path '/actuator'
01:27:38.459 [restartedMain] INFO  o.s.s.web.DefaultSecurityFilterChain - Will secure any request with [org.springframework.security.web.session.DisableEncodeUrlFilter@52032a3e, org.springframework.security.web.context.request.async.WebAsyncManagerIntegrationFilter@7d8f376a, org.springframework.security.web.context.SecurityContextHolderFilter@30f39e8, org.springframework.security.web.header.HeaderWriterFilter@55120b90, org.springframework.web.filter.CorsFilter@415a748b, org.springframework.security.web.authentication.logout.LogoutFilter@57b54d28, org.springframework.security.web.savedrequest.RequestCacheAwareFilter@ffaba2f, org.springframework.security.web.servletapi.SecurityContextHolderAwareRequestFilter@499ca454, org.springframework.security.web.authentication.AnonymousAuthenticationFilter@1e1ae2d7, org.springframework.security.web.access.ExceptionTranslationFilter@547dd434, org.springframework.security.web.access.intercept.AuthorizationFilter@3e823420]
01:27:38.595 [restartedMain] INFO  o.c.b.s.b.s.w.f.LazyInitRegistration - lazy initialized org.camunda.bpm.spring.boot.starter.webapp.filter.LazySecurityFilter@4f985b39
01:27:38.598 [restartedMain] INFO  o.c.b.s.b.s.w.f.LazyInitRegistration - lazy initialized org.camunda.bpm.spring.boot.starter.webapp.filter.LazyProcessEnginesFilter@40fe7e93
01:27:38.658 [restartedMain] INFO  o.s.b.d.a.OptionalLiveReloadServer - LiveReload server is running on port 35729
01:27:38.707 [restartedMain] INFO  o.a.coyote.http11.Http11NioProtocol - Starting ProtocolHandler ["http-nio-8082"]
01:27:38.720 [restartedMain] INFO  o.s.b.w.e.tomcat.TomcatWebServer - Tomcat started on port 8082 (http) with context path ''
01:27:38.730 [restartedMain] INFO  org.unicam.intermediate.Application - Started Application in 4.867 seconds (process running for 5.348)
01:27:38.782 [restartedMain] INFO  o.u.i.config.EnvironmentInitializer - [EnvironmentInitializer] Initializing Environment on startup
01:27:38.787 [restartedMain] WARN  o.u.i.s.e.EnvironmentDataService - [EnvironmentService] No environment.json found in any deployment, initialized with empty data
01:27:38.787 [restartedMain] WARN  o.u.i.config.EnvironmentInitializer - [EnvironmentInitializer] Environment is empty - deploy a process with environment.json
01:27:38.787 [restartedMain] INFO  o.u.i.config.UserInitializer - [UserInitializer] Starting user and group initialization...
01:27:38.790 [restartedMain] INFO  o.u.i.config.UserInitializer - [UserInitializer] Created NEW group: students
01:27:38.793 [restartedMain] INFO  o.u.i.config.UserInitializer - [UserInitializer] Created NEW group: tutors
01:27:38.796 [restartedMain] INFO  o.u.i.config.UserInitializer - [UserInitializer] Created NEW user: nkhelifa (Nabil Khelifa)
01:27:38.800 [restartedMain] INFO  o.u.i.config.UserInitializer - [UserInitializer] Added nkhelifa to students group
01:27:38.803 [restartedMain] INFO  o.u.i.config.UserInitializer - [UserInitializer] Created NEW user: lmozzoni (Luca Mozzoni)
01:27:38.805 [restartedMain] INFO  o.u.i.config.UserInitializer - [UserInitializer] Added lmozzoni to tutors group
01:27:38.808 [restartedMain] INFO  o.u.i.config.UserInitializer - [UserInitializer] Created NEW group: admins
01:27:38.812 [restartedMain] INFO  o.u.i.config.UserInitializer - [UserInitializer] Added user 'a' to admins group
01:27:38.817 [restartedMain] INFO  o.u.i.config.UserInitializer - [UserInitializer] ========================================
01:27:38.817 [restartedMain] INFO  o.u.i.config.UserInitializer - [UserInitializer] Initialization completed successfully!
01:27:38.817 [restartedMain] INFO  o.u.i.config.UserInitializer - [UserInitializer] ========================================
01:27:38.818 [restartedMain] INFO  o.u.i.config.UserInitializer - [UserInitializer] Current users count: 3
01:27:38.819 [restartedMain] INFO  o.u.i.config.UserInitializer - [UserInitializer] Current groups count: 4
01:27:38.820 [restartedMain] INFO  o.u.i.config.UserInitializer - [UserInitializer] 
01:27:38.820 [restartedMain] INFO  o.u.i.config.UserInitializer - [UserInitializer] Camunda Cockpit: http://localhost:8082/camunda
01:27:38.820 [restartedMain] INFO  o.u.i.config.UserInitializer - [UserInitializer] 
01:27:38.820 [restartedMain] INFO  o.u.i.config.UserInitializer - [UserInitializer] Login credentials:
01:27:38.820 [restartedMain] INFO  o.u.i.config.UserInitializer - [UserInitializer]   Admin    : a / a
01:27:38.820 [restartedMain] INFO  o.u.i.config.UserInitializer - [UserInitializer]   Student  : nkhelifa / a
01:27:38.820 [restartedMain] INFO  o.u.i.config.UserInitializer - [UserInitializer]   Tutor    : lmozzoni / a
01:27:38.820 [restartedMain] INFO  o.u.i.config.UserInitializer - [UserInitializer] ========================================
01:27:38.820 [restartedMain] INFO  o.u.i.config.UserInitializer - [UserInitializer] All users in system:
01:27:38.824 [restartedMain] INFO  o.u.i.config.UserInitializer - [UserInitializer]   - a (Nabil A) - Groups: [admins, camunda-admin]
01:27:38.826 [restartedMain] INFO  o.u.i.config.UserInitializer - [UserInitializer]   - lmozzoni (Luca Mozzoni) - Groups: [admins, tutors]
01:27:38.826 [restartedMain] INFO  o.u.i.config.UserInitializer - [UserInitializer]   - nkhelifa (Nabil Khelifa) - Groups: [admins, students]
01:27:38.828 [restartedMain] INFO  o.u.i.config.MessageFlowRegistrar - [MessageFlowRegistrar] Application ready - registering message flows for all deployed processes
01:27:38.838 [restartedMain] INFO  org.camunda.bpm.engine.jobexecutor - ENGINE-14014 Starting up the JobExecutor[org.camunda.bpm.engine.spring.components.jobexecutor.SpringJobExecutor].
01:27:38.840 [JobExecutor[org.camunda.bpm.engine.spring.components.jobexecutor.SpringJobExecutor]] INFO  org.camunda.bpm.engine.jobexecutor - ENGINE-14018 JobExecutor[org.camunda.bpm.engine.spring.components.jobexecutor.SpringJobExecutor] starting to acquire jobs
01:28:03.493 [http-nio-8082-exec-1] INFO  o.a.c.c.C.[Tomcat].[localhost].[/] - Initializing Spring DispatcherServlet 'dispatcherServlet'
01:28:03.495 [http-nio-8082-exec-1] INFO  o.s.web.servlet.DispatcherServlet - Initializing Servlet 'dispatcherServlet'
01:28:03.495 [http-nio-8082-exec-1] INFO  o.s.web.servlet.DispatcherServlet - Completed initialization in 0 ms
01:30:00.542 [SpringApplicationShutdownHook] INFO  org.camunda.bpm.engine.jobexecutor - ENGINE-14015 Shutting down the JobExecutor[org.camunda.bpm.engine.spring.components.jobexecutor.SpringJobExecutor]
01:30:00.543 [JobExecutor[org.camunda.bpm.engine.spring.components.jobexecutor.SpringJobExecutor]] INFO  org.camunda.bpm.engine.jobexecutor - ENGINE-14020 JobExecutor[org.camunda.bpm.engine.spring.components.jobexecutor.SpringJobExecutor] stopped job acquisition
01:30:00.543 [SpringApplicationShutdownHook] INFO  org.camunda.bpm.engine - ENGINE-00007 Process Engine default closed
01:30:00.543 [SpringApplicationShutdownHook] INFO  o.s.j.d.e.EmbeddedDatabaseFactory - Shutting down embedded database: url='jdbc:h2:mem:2025c624-7611-4660-a415-041ff51d9136;DB_CLOSE_DELAY=-1;DB_CLOSE_ON_EXIT=false'
=======
03:00:16.600 [HikariPool-1 housekeeper] WARN  com.zaxxer.hikari.pool.HikariPool - HikariPool-1 - Thread starvation or clock leap detected (housekeeper delta=2h17m12s318ms105µs900ns).
>>>>>>> 42e6b1bb38391fb227a028593869ca0eb8131e39
